collection,contract,tokenId,buyer,seller,price_eth,marketplace,block,timestamp,txhash
BoredApeYachtClub,0xBC4CA0EdA7647A8aB7C2061c2E118A18a936f13D,6218,0xf15c93562bc3944a68e938ef75d2a3360d98ca57,0xcc1cb0fa339eb32e436dce1ba752bda72fc6edfe,14.69,x2y2,19757649,1714353635,0x47908f6d62f3d1e924b7f21f07ad98dc80108be7fc233eefb0e4982d6077ab0b
BoredApeYachtClub,0xBC4CA0EdA7647A8aB7C2061c2E118A18a936f13D,1730,0x9d604a517750eecea2ee5c883d491449808a3498,0xf15c93562bc3944a68e938ef75d2a3360d98ca57,12.8,x2y2,19721684,1713918695,0xcb6e633ff54676a1ef3c7c782cfdbb74618c24351701d5fa5df2951501587ffe
BoredApeYachtClub,0xBC4CA0EdA7647A8aB7C2061c2E118A18a936f13D,7845,0x8319e29b4693b0dbd6c2bc6a881d19c8caefbae1,0xf15c93562bc3944a68e938ef75d2a3360d98ca57,12.549,seaport,19716572,1713856919,0x536bf5e4efad23ad6d55c4c8b2264e5dd2e2751bdfd25c0a6058d7650a5b1646
BoredApeYachtClub,0xBC4CA0EdA7647A8aB7C2061c2E118A18a936f13D,7232,0xed19eaea3bde70e0c9652485406fe961a85f4287,0x1e04bfb945dfa23ed8bdea67947ca0d7b5fff75d,14.5,x2y2,19713923,1713824951,0x306198aab98df7282e48df261907dd8ad7080f33f2fd4aa95c0aff244ac944b7
BoredApeYachtClub,0xBC4CA0EdA7647A8aB7C2061c2E118A18a936f13D,2063,0xc9aa3445ddb743219c930449d5fad7e8dd3f999e,0xf15c93562bc3944a68e938ef75d2a3360d98ca57,12.479,seaport,19690094,1713537083,0xafe5fd581a907192631d029196efa1c02de5e118187605468bac8585052824f7
BoredApeYachtClub,0xBC4CA0EdA7647A8aB7C2061c2E118A18a936f13D,9335,0x1bf22a19a8d0b9cdfdd5c0859b5bd72c05f2d6a2,0xf15c93562bc3944a68e938ef75d2a3360d98ca57,11.87999,seaport,19679143,1713404651,0x15dfd2d6a00721bfc9f35442663659a833ce8b674e9f716a9fa6bc752758d7ba
BoredApeYachtClub,0xBC4CA0EdA7647A8aB7C2061c2E118A18a936f13D,17,0xe0d63848440166c6574d983e478dd14489b67909,0x0bd7b1283902f5f1352fd17d5b4aa03d29484285,0.0,seaport,19670872,1713304739,0xee3776f28320248279447c9869203019bc813be93e3b276698ad2b13e5165bd8
BoredApeYachtClub,0xBC4CA0EdA7647A8aB7C2061c2E118A18a936f13D,4954,0xc2e64d8f06ebe89cfe37389201348724b9744120,0xdf14c55a16b09d185b84889d4034630d9d5c4deb,12.3,x2y2,19669828,1713292103,0xdc53ae0203a3fd5afc4f01fd198a22657e11a5252427db8969fd4b6d8d157e5e
BoredApeYachtClub,0xBC4CA0EdA7647A8aB7C2061c2E118A18a936f13D,5459,0x7c1958ba95ab3170f6069dadf4de304b0c00000c,0x4f83d57d7c4c19b79c83948e74e8c20e3fc541d5,10.5,x2y2,19660780,1713182543,0x3d323bbde5a6aef5a3861ec6c24f00eda2575474ab874442a7db973d903957bc
BoredApeYachtClub,0xBC4CA0EdA7647A8aB7C2061c2E118A18a936f13D,3006,0x84ee124284cfe41b387506e3d6149bee0a9ae652,0xf15c93562bc3944a68e938ef75d2a3360d98ca57,11.7,x2y2,19657493,1713142739,0x74908060d0f923e50ab8d8ff0d83ee3ae6c058220dc55298248a2539748aefad
BoredApeYachtClub,0xBC4CA0EdA7647A8aB7C2061c2E118A18a936f13D,3122,0x81dcd28d1cdb0983fae16056cc76b2535d13cf8c,0xf15c93562bc3944a68e938ef75d2a3360d98ca57,11.8675,seaport,19653551,1713095027,0x81ccceaa60fec86ef5c710c15c232b329679d4350b60ac0b25b14460a1c8dc86
BoredApeYachtClub,0xBC4CA0EdA7647A8aB7C2061c2E118A18a936f13D,7958,0xa8ddc4fa3632dc8544e1f8d84207e59686c79764,0xf15c93562bc3944a68e938ef75d2a3360d98ca57,12.368,seaport,19640414,1712935595,0x190c5918c0838cfe37c945767375a53a3edd25697fa86fe3a42b3be5c6216811
BoredApeYachtClub,0xBC4CA0EdA7647A8aB7C2061c2E118A18a936f13D,5954,0xaa7e647a7a22c66bff2601ba9cdc52366bda1993,0xf15c93562bc3944a68e938ef75d2a3360d98ca57,12.948,seaport,19623560,1712731907,0x3a1d8e89875731b871e2db5f8e61ed1fd914aa99943c2948404918ae3c82669c
BoredApeYachtClub,0xBC4CA0EdA7647A8aB7C2061c2E118A18a936f13D,4192,0x00c6718bb74549e3cb18b708177d8c5a28c2680e,0x3f9343a5b2d1ccad06a07219b7d74e3cbff1b8cb,13.65,x2y2,19618734,1712673551,0x582a16d0eb13f081351c1b304edd51a68d13acca68848e98fd3eafbf68a8b39f
BoredApeYachtClub,0xBC4CA0EdA7647A8aB7C2061c2E118A18a936f13D,7604,0x19fe1cbf96cf38bd0ae84556505cef05e57857e6,0x969fa39f580aa68e72959fa279c8576da34e56d9,19.99,seaport,19615551,1712635019,0x483aeb9586e2ac791743caaaa587d0925f541fbc30e8f8acdf19036d9572c798
BoredApeYachtClub,0xBC4CA0EdA7647A8aB7C2061c2E118A18a936f13D,8295,0x9d604a517750eecea2ee5c883d491449808a3498,0x6cfdad0772edc2ea15076a9706ec7c1f0a791ac1,42.0,x2y2,19613791,1712613707,0x75db7d60b1fcd1d5301d529e73f8e32e232e8f513c48b6ead49828ac29942456
BoredApeYachtClub,0xBC4CA0EdA7647A8aB7C2061c2E118A18a936f13D,6368,0x3820c123ca814d9e05c46f30e3b7bb3bab905af5,0xa8e0681d9e870b457084fb9223f13401b20b4ad0,21.0,seaport,19594362,1712378435,0xd3d5c56ae1eef322102585bfc69cb178477833f50bb4061bf5901f132b81c8cf
BoredApeYachtClub,0xBC4CA0EdA7647A8aB7C2061c2E118A18a936f13D,9619,0xf0e569de368adc35e3c928a2b3da4c0871645e01,0x0097b9cfe64455eed479292671a1121f502bc954,16.7,x2y2,19569011,1712071883,0x65a4c21948d4ad819b93e54a40ee448d74f8eb840bbfaf4e6d26e80d366cdafa
BoredApeYachtClub,0xBC4CA0EdA7647A8aB7C2061c2E118A18a936f13D,9244,0x055e58c54a10fbed282052ae003980a12361c321,0x055e58c54a10fbed282052ae003980a12361c321,11.244373,seaport,19566685,1712043551,0x4eb59dd722d6bec6c08f3eea95a99f67f59c5e96429ff1cf00324398bc82244d
BoredApeYachtClub,0xBC4CA0EdA7647A8aB7C2061c2E118A18a936f13D,9244,0xf15c93562bc3944a68e938ef75d2a3360d98ca57,0x055e58c54a10fbed282052ae003980a12361c321,12.060027,seaport,19566685,1712043551,0x4eb59dd722d6bec6c08f3eea95a99f67f59c5e96429ff1cf00324398bc82244d
BoredApeYachtClub,0xBC4CA0EdA7647A8aB7C2061c2E118A18a936f13D,908,0xe4c2da717d52ad64640d62e292073ee204d13764,0x134a7948e1363a95ee17a23c63b927152c4021ec,14.269,seaport,19560787,1711972211,0x7b5a79e5410774f24d8cc6306f1c6b4588d73e7ed7cfdf40045143729272a04f
BoredApeYachtClub,0xBC4CA0EdA7647A8aB7C2061c2E118A18a936f13D,1411,0xc1809a8ccf6eca8aec70ce2d5004dcb7391a0dd0,0xc1809a8ccf6eca8aec70ce2d5004dcb7391a0dd0,11.268209,seaport,19558145,1711939967,0xff249a0d34b6c7e5016c9e005508651d0b2e44acd69bdeeca4f5f2302cabb370
BoredApeYachtClub,0xBC4CA0EdA7647A8aB7C2061c2E118A18a936f13D,1411,0xf15c93562bc3944a68e938ef75d2a3360d98ca57,0xc1809a8ccf6eca8aec70ce2d5004dcb7391a0dd0,12.085591,seaport,19558145,1711939967,0xff249a0d34b6c7e5016c9e005508651d0b2e44acd69bdeeca4f5f2302cabb370
BoredApeYachtClub,0xBC4CA0EdA7647A8aB7C2061c2E118A18a936f13D,269,0x5a6b8d19c8c789df7f97aad0e47565d245a10907,0xf15c93562bc3944a68e938ef75d2a3360d98ca57,12.989,seaport,19557870,1711936631,0x1301be7c9008fc33c3b07aa4c915c6d3692fbc837c8619940dec243f7d358eec
BoredApeYachtClub,0xBC4CA0EdA7647A8aB7C2061c2E118A18a936f13D,2413,0xb510a8f85a6216b065a6315002b6c75519768ba9,0x089be23d7eaf3cdcd18097f69dd5218389b02908,12.0,seaport,19546711,1711801007,0x15a37561a61e4f9cc0893a92a77eb2c0d5095711f56d5140c5a8465840284ee0
BoredApeYachtClub,0xBC4CA0EdA7647A8aB7C2061c2E118A18a936f13D,5920,0x738b6b43c94928f6accb0c941b9368878f0fd3b5,0x738b6b43c94928f6accb0c941b9368878f0fd3b5,11.916645,seaport,19545381,1711784783,0x3be25260173f0cc36c4d7e642d9d9abcd5823a503163ce0925a58c32450dfeb3
BoredApeYachtClub,0xBC4CA0EdA7647A8aB7C2061c2E118A18a936f13D,5920,0x3e316f6abe52fc5cf70a6c9c0932dcb1fcbf3d62,0x738b6b43c94928f6accb0c941b9368878f0fd3b5,12.527755,seaport,19545381,1711784783,0x3be25260173f0cc36c4d7e642d9d9abcd5823a503163ce0925a58c32450dfeb3
BoredApeYachtClub,0xBC4CA0EdA7647A8aB7C2061c2E118A18a936f13D,2008,0xa21a744957e0a483cfc2cebd312c2aeb24d53397,0xa21a744957e0a483cfc2cebd312c2aeb24d53397,11.760648,seaport,19545137,1711781795,0x272e2f25900ba24d45729d4f33d2b3c92658d89c87868f75255b98475a91a70a
BoredApeYachtClub,0xBC4CA0EdA7647A8aB7C2061c2E118A18a936f13D,2008,0xf15c93562bc3944a68e938ef75d2a3360d98ca57,0xa21a744957e0a483cfc2cebd312c2aeb24d53397,12.613752,seaport,19545137,1711781795,0x272e2f25900ba24d45729d4f33d2b3c92658d89c87868f75255b98475a91a70a
BoredApeYachtClub,0xBC4CA0EdA7647A8aB7C2061c2E118A18a936f13D,7953,0xa21a744957e0a483cfc2cebd312c2aeb24d53397,0xa21a744957e0a483cfc2cebd312c2aeb24d53397,11.573445,seaport,19545080,1711781099,0x6158f7daf3c3444f1fed35965ba36d7c98724c6659f3e4428171884f20d7c25a
BoredApeYachtClub,0xBC4CA0EdA7647A8aB7C2061c2E118A18a936f13D,7953,0x3e316f6abe52fc5cf70a6c9c0932dcb1fcbf3d62,0xa21a744957e0a483cfc2cebd312c2aeb24d53397,12.166955,seaport,19545080,1711781099,0x6158f7daf3c3444f1fed35965ba36d7c98724c6659f3e4428171884f20d7c25a
BoredApeYachtClub,0xBC4CA0EdA7647A8aB7C2061c2E118A18a936f13D,3265,0xa21a744957e0a483cfc2cebd312c2aeb24d53397,0xa21a744957e0a483cfc2cebd312c2aeb24d53397,11.454936,seaport,19545077,1711781063,0xdaaf8426c61c8d179620b21047d85f1fa318bd6b301e066dcd4a1cc6351df440
BoredApeYachtClub,0xBC4CA0EdA7647A8aB7C2061c2E118A18a936f13D,3265,0xf15c93562bc3944a68e938ef75d2a3360d98ca57,0xa21a744957e0a483cfc2cebd312c2aeb24d53397,12.285864,seaport,19545077,1711781063,0xdaaf8426c61c8d179620b21047d85f1fa318bd6b301e066dcd4a1cc6351df440
BoredApeYachtClub,0xBC4CA0EdA7647A8aB7C2061c2E118A18a936f13D,7453,0x3f9343a5b2d1ccad06a07219b7d74e3cbff1b8cb,0x4b25d8ba0910f41ceb3fe2ba48d3082ed12cd8e3,15.24091,seaport,19540255,1711722539,0x9496f920c681ffbb2fc8371a06c2ecb2c64acad001b7192a11e3f6c1d32a6485
BoredApeYachtClub,0xBC4CA0EdA7647A8aB7C2061c2E118A18a936f13D,9619,0x0097b9cfe64455eed479292671a1121f502bc954,0x203e9365406b215c6d52fcf9a59242db952b0aec,16.171,seaport,19535851,1711669187,0x1f23b6aa47a98eb248606541b27e4423a7463ad6e4ff7df5d71c85d571a52186
BoredApeYachtClub,0xBC4CA0EdA7647A8aB7C2061c2E118A18a936f13D,2781,0xc6e91d990d093e7820ab65f3ef2dc8018d0a3c42,0x782de3f99f9c73c125a5e6b494373a3c68a2a914,15.75,seaport,19531662,1711617407,0x54e58656a582dd757c38f244c29bc856ff091dc94255049db6b341b0f000a539
BoredApeYachtClub,0xBC4CA0EdA7647A8aB7C2061c2E118A18a936f13D,9968,0xd8b9c8951dd24019ee4e0d5902ac18530f3f7b21,0x3f9343a5b2d1ccad06a07219b7d74e3cbff1b8cb,13.6,x2y2,19525230,1711537235,0xaa6ecc3f245c4e381eb6c119ae81b9a59f373c4a857a8211c826ec3a8f70c067
BoredApeYachtClub,0xBC4CA0EdA7647A8aB7C2061c2E118A18a936f13D,6523,0x8be74a1fa04f840a94b17d9887363d863d448a77,0x8be74a1fa04f840a94b17d9887363d863d448a77,12.768113,seaport,19519532,1711467311,0xd347553c96a62797052e6a6f947a0518caac66f915bd4fea0ee283ff07fb3555
BoredApeYachtClub,0xBC4CA0EdA7647A8aB7C2061c2E118A18a936f13D,6523,0x0097b9cfe64455eed479292671a1121f502bc954,0x8be74a1fa04f840a94b17d9887363d863d448a77,13.422887,seaport,19519532,1711467311,0xd347553c96a62797052e6a6f947a0518caac66f915bd4fea0ee283ff07fb3555
BoredApeYachtClub,0xBC4CA0EdA7647A8aB7C2061c2E118A18a936f13D,4474,0x19bc4318a7a2096d395b12e80e290e1e883dbe82,0x19bc4318a7a2096d395b12e80e290e1e883dbe82,20.475,seaport,19515924,1711423475,0x0fd34883f4b44b0881e97e4cbc16cb5560786550154069b594478c38b5faf365
BoredApeYachtClub,0xBC4CA0EdA7647A8aB7C2061c2E118A18a936f13D,4474,0x3820c123ca814d9e05c46f30e3b7bb3bab905af5,0x19bc4318a7a2096d395b12e80e290e1e883dbe82,21.525,seaport,19515924,1711423475,0x0fd34883f4b44b0881e97e4cbc16cb5560786550154069b594478c38b5faf365
BoredApeYachtClub,0xBC4CA0EdA7647A8aB7C2061c2E118A18a936f13D,5174,0x134a7948e1363a95ee17a23c63b927152c4021ec,0x134a7948e1363a95ee17a23c63b927152c4021ec,22.425,seaport,19513129,1711389683,0x057cda0ce6e9a48eddf34b164e454f8fb1ccc39d2b49a3fc86cfa2821feac38d
BoredApeYachtClub,0xBC4CA0EdA7647A8aB7C2061c2E118A18a936f13D,5174,0x3820c123ca814d9e05c46f30e3b7bb3bab905af5,0x134a7948e1363a95ee17a23c63b927152c4021ec,23.575,seaport,19513129,1711389683,0x057cda0ce6e9a48eddf34b164e454f8fb1ccc39d2b49a3fc86cfa2821feac38d
BoredApeYachtClub,0xBC4CA0EdA7647A8aB7C2061c2E118A18a936f13D,839,0x6c05da12487308ca8824c3741b3d6f89fc4b512b,0x6c05da12487308ca8824c3741b3d6f89fc4b512b,16.575,seaport,19512695,1711384427,0xe94e6dfb4e21770da672896570231bb47aebed565fa27ea5810a86368899306f
BoredApeYachtClub,0xBC4CA0EdA7647A8aB7C2061c2E118A18a936f13D,839,0x3820c123ca814d9e05c46f30e3b7bb3bab905af5,0x6c05da12487308ca8824c3741b3d6f89fc4b512b,17.425,seaport,19512695,1711384427,0xe94e6dfb4e21770da672896570231bb47aebed565fa27ea5810a86368899306f
BoredApeYachtClub,0xBC4CA0EdA7647A8aB7C2061c2E118A18a936f13D,3878,0x063c5ba36e9a6d1787e23c9d8348adbf77de3d82,0x6d0267156f1c6ce44caa4bf129b76009d3d41830,16.0,x2y2,19509828,1711349363,0xa41147fd9bd859b83e95e645ed22bc41c516608f45ad0183c03b8bde466c0fb9
BoredApeYachtClub,0xBC4CA0EdA7647A8aB7C2061c2E118A18a936f13D,394,0xeba1435844c075d8f163fbdb128b27746c1ed169,0x11c87339c894a5384907eadcd31f7ad67338590c,15.99,seaport,19509628,1711346951,0x3d5d1edb4015ea11fcf6e7f69a3b54162d0e710442b18b4b9352e7fa03d0ec7d
BoredApeYachtClub,0xBC4CA0EdA7647A8aB7C2061c2E118A18a936f13D,5806,0xc5f8b5a145b699d6972d07105d353a053e6dfffa,0xc5f8b5a145b699d6972d07105d353a053e6dfffa,12.930937,seaport,19507703,1711323455,0x16078bdf9d0f63fb52d18e39402d2fb2b64ce3fdbdddedaed5cc4c1a616c6c54
BoredApeYachtClub,0xBC4CA0EdA7647A8aB7C2061c2E118A18a936f13D,5806,0x1fee3385b22d69e93209db2042be58fcac57b59b,0xc5f8b5a145b699d6972d07105d353a053e6dfffa,13.594062,seaport,19507703,1711323455,0x16078bdf9d0f63fb52d18e39402d2fb2b64ce3fdbdddedaed5cc4c1a616c6c54
BoredApeYachtClub,0xBC4CA0EdA7647A8aB7C2061c2E118A18a936f13D,8473,0x75b47299f9d44df5c597854bc98c444578e481b1,0x75b47299f9d44df5c597854bc98c444578e481b1,12.569125,seaport,19505364,1711295027,0xa50218d19c19db321dd8610e3bd99ba2af6ce16390a65efe944f961c32ea4f0e
BoredApeYachtClub,0xBC4CA0EdA7647A8aB7C2061c2E118A18a936f13D,8473,0xf15c93562bc3944a68e938ef75d2a3360d98ca57,0x75b47299f9d44df5c597854bc98c444578e481b1,13.480875,seaport,19505364,1711295027,0xa50218d19c19db321dd8610e3bd99ba2af6ce16390a65efe944f961c32ea4f0e
BoredApeYachtClub,0xBC4CA0EdA7647A8aB7C2061c2E118A18a936f13D,8322,0x3820c123ca814d9e05c46f30e3b7bb3bab905af5,0x1d6bd644bf98b718e260ae53ea224465c7a72b40,20.0,seaport,19502245,1711257011,0x0cbc5028dec328df06c2545971574106b8c2f4e2867010a1779797d94e5c234c
BoredApeYachtClub,0xBC4CA0EdA7647A8aB7C2061c2E118A18a936f13D,8609,0x73d30ba3dc4ffd17c28cc2d75d12e50df98f29cf,0x73d30ba3dc4ffd17c28cc2d75d12e50df98f29cf,13.286423,seaport,19501994,1711253963,0x8312d39f957c035d699c44076a46bbf8064680f1d6ed4059bccd27f79aa95c1c
BoredApeYachtClub,0xBC4CA0EdA7647A8aB7C2061c2E118A18a936f13D,8609,0x1fee3385b22d69e93209db2042be58fcac57b59b,0x73d30ba3dc4ffd17c28cc2d75d12e50df98f29cf,13.967778,seaport,19501994,1711253963,0x8312d39f957c035d699c44076a46bbf8064680f1d6ed4059bccd27f79aa95c1c
BoredApeYachtClub,0xBC4CA0EdA7647A8aB7C2061c2E118A18a936f13D,7277,0x73b444b0931de0283498e4dfe8d97e6ba723eac3,0x73b444b0931de0283498e4dfe8d97e6ba723eac3,22.425,seaport,19496994,1711193219,0x8cf3748f70d383a223ba9727ea32d667c3d869b785c325347729360688def4cd
BoredApeYachtClub,0xBC4CA0EdA7647A8aB7C2061c2E118A18a936f13D,7277,0x3820c123ca814d9e05c46f30e3b7bb3bab905af5,0x73b444b0931de0283498e4dfe8d97e6ba723eac3,23.575,seaport,19496994,1711193219,0x8cf3748f70d383a223ba9727ea32d667c3d869b785c325347729360688def4cd
BoredApeYachtClub,0xBC4CA0EdA7647A8aB7C2061c2E118A18a936f13D,7214,0x73b444b0931de0283498e4dfe8d97e6ba723eac3,0x73b444b0931de0283498e4dfe8d97e6ba723eac3,22.425,seaport,19496994,1711193219,0x8cf3748f70d383a223ba9727ea32d667c3d869b785c325347729360688def4cd
BoredApeYachtClub,0xBC4CA0EdA7647A8aB7C2061c2E118A18a936f13D,7214,0x3820c123ca814d9e05c46f30e3b7bb3bab905af5,0x73b444b0931de0283498e4dfe8d97e6ba723eac3,23.575,seaport,19496994,1711193219,0x8cf3748f70d383a223ba9727ea32d667c3d869b785c325347729360688def4cd
BoredApeYachtClub,0xBC4CA0EdA7647A8aB7C2061c2E118A18a936f13D,2348,0x3820c123ca814d9e05c46f30e3b7bb3bab905af5,0xe8377f53834d8213fc7ae5404e4f37f67da63f80,14.2188,seaport,19496299,1711184771,0x880a98dd6dfabfe0b203e3db5827e9cacc94858b7e6a75fe8834fa803bf4cc2d
BoredApeYachtClub,0xBC4CA0EdA7647A8aB7C2061c2E118A18a936f13D,9258,0xbbdac7ba85af15420afd1f4aa3313c3535b15cde,0xbbdac7ba85af15420afd1f4aa3313c3535b15cde,13.43745,seaport,19495176,1711171223,0x107e68261f687c1e250e39e65fca949c1f332b6f33193e7a1f0ead5a8f288bd2
BoredApeYachtClub,0xBC4CA0EdA7647A8aB7C2061c2E118A18a936f13D,9258,0x1fee3385b22d69e93209db2042be58fcac57b59b,0xbbdac7ba85af15420afd1f4aa3313c3535b15cde,14.12655,seaport,19495176,1711171223,0x107e68261f687c1e250e39e65fca949c1f332b6f33193e7a1f0ead5a8f288bd2
BoredApeYachtClub,0xBC4CA0EdA7647A8aB7C2061c2E118A18a936f13D,7232,0x1e04bfb945dfa23ed8bdea67947ca0d7b5fff75d,0x0e20029447dbe48e27f8ad9d34d47a32bc713928,0.69,seaport,19493808,1711154627,0xb49626da98122677b9e21bd768939ab6656d1e4298f3fa64e7f51b3b081f8c6e
BoredApeYachtClub,0xBC4CA0EdA7647A8aB7C2061c2E118A18a936f13D,67,0x0e20029447dbe48e27f8ad9d34d47a32bc713928,0x1e04bfb945dfa23ed8bdea67947ca0d7b5fff75d,0.0,seaport,19493384,1711149491,0x56359ce85dca36e5d600a615cb55df34091fc1bf0db49e625192d2fd15429583
BoredApeYachtClub,0xBC4CA0EdA7647A8aB7C2061c2E118A18a936f13D,9872,0x2db279e5e8d752dc0fc7de12829afe4b8cef4d84,0x2db279e5e8d752dc0fc7de12829afe4b8cef4d84,13.508456,seaport,19492602,1711140035,0x03c08bda7aac3dbb6af902361afdfae39174cc612b2a0ee5cd6995f21c2bb500
BoredApeYachtClub,0xBC4CA0EdA7647A8aB7C2061c2E118A18a936f13D,9872,0xf15c93562bc3944a68e938ef75d2a3360d98ca57,0x2db279e5e8d752dc0fc7de12829afe4b8cef4d84,14.488344,seaport,19492602,1711140035,0x03c08bda7aac3dbb6af902361afdfae39174cc612b2a0ee5cd6995f21c2bb500
BoredApeYachtClub,0xBC4CA0EdA7647A8aB7C2061c2E118A18a936f13D,5952,0xb2f93d80cad1107b9f321230d72996ea70a514d4,0xce841f783dc6d9df256af36b1cf6b3a52aa57cdc,14.495,seaport,19491622,1711128119,0x792129700d15c63ded997fcc1913c6f15640e99672e71817c8ccb72a789a15c7
BoredApeYachtClub,0xBC4CA0EdA7647A8aB7C2061c2E118A18a936f13D,67,0x1e04bfb945dfa23ed8bdea67947ca0d7b5fff75d,0x1d6bd644bf98b718e260ae53ea224465c7a72b40,14.5,seaport,19486210,1711062623,0x7f102bb410380a6eb54deb383a99c07f4e102163b230f026ea72d3f30ce88c71
BoredApeYachtClub,0xBC4CA0EdA7647A8aB7C2061c2E118A18a936f13D,8834,0x88f09bdc8e99272588242a808052eb32702f88d0,0x1e04bfb945dfa23ed8bdea67947ca0d7b5fff75d,16.23,seaport,19486191,1711062395,0x6d7f0ce6418dd45e80128d7a627744ddbf89e8b9ce7ee0c99fa44b3816e79c08
BoredApeYachtClub,0xBC4CA0EdA7647A8aB7C2061c2E118A18a936f13D,7222,0x7377f8f5ed7543209367a9c83cce3f21b1848a19,0xf15c93562bc3944a68e938ef75d2a3360d98ca57,14.95,seaport,19486100,1711061291,0x8f091fc6b4f37194f2537d0e5b21527b3ffe28b8dab657702fbe8b84577f2a56
BoredApeYachtClub,0xBC4CA0EdA7647A8aB7C2061c2E118A18a936f13D,4211,0x59e2198d16409cabd5cd5b5bcbe676cb8701d299,0xce841f783dc6d9df256af36b1cf6b3a52aa57cdc,14.495,seaport,19485963,1711059647,0x384d48ffebe7e3a8576ed4360d3f8d7f8a65acb5074b7f46fb68df197cee453b
BoredApeYachtClub,0xBC4CA0EdA7647A8aB7C2061c2E118A18a936f13D,8461,0x7a39df851dbda5233646ca2defa2a67c34d15c73,0xe9581fb58eb6fdcbd45fcba793149bab6b0e0c4b,29.0,seaport,19485668,1711056059,0x5d65fd88041861d37dcb0322bd19e51f4aa594c167737eee8cd85de56cd8d19d
BoredApeYachtClub,0xBC4CA0EdA7647A8aB7C2061c2E118A18a936f13D,4638,0x62f1f2d622741a186e712d09931e384d3f49d1fb,0x1d6bd644bf98b718e260ae53ea224465c7a72b40,14.15,seaport,19485061,1711048727,0xfb7220f408ac946caa8a7d257b8ff5f807d5bed2ccbbafef5d80bc087021ec26
BoredApeYachtClub,0xBC4CA0EdA7647A8aB7C2061c2E118A18a936f13D,8003,0x7a6b049d83554da1175d65be3f6264a74a05ae17,0x7a6b049d83554da1175d65be3f6264a74a05ae17,13.477035,seaport,19482468,1711017155,0xb50e53f339c29f5e60b6523c6d31fbd378983238f2b0c11c05cdb527b41af6c0
BoredApeYachtClub,0xBC4CA0EdA7647A8aB7C2061c2E118A18a936f13D,8003,0x0097b9cfe64455eed479292671a1121f502bc954,0x7a6b049d83554da1175d65be3f6264a74a05ae17,14.168165,seaport,19482468,1711017155,0xb50e53f339c29f5e60b6523c6d31fbd378983238f2b0c11c05cdb527b41af6c0
BoredApeYachtClub,0xBC4CA0EdA7647A8aB7C2061c2E118A18a936f13D,1855,0x45a5340c78e665f121e76cd36aade25fc5da7ddb,0x45a5340c78e665f121e76cd36aade25fc5da7ddb,13.122915,seaport,19479800,1710984767,0x51322fb8d0d5ec047e5c8c02aac2fdc592e8895e042fe4e96195d4ffb9addcaf
BoredApeYachtClub,0xBC4CA0EdA7647A8aB7C2061c2E118A18a936f13D,1855,0x1fee3385b22d69e93209db2042be58fcac57b59b,0x45a5340c78e665f121e76cd36aade25fc5da7ddb,13.795885,seaport,19479800,1710984767,0x51322fb8d0d5ec047e5c8c02aac2fdc592e8895e042fe4e96195d4ffb9addcaf
BoredApeYachtClub,0xBC4CA0EdA7647A8aB7C2061c2E118A18a936f13D,5089,0x0ca6fe18b7370e99735d2b5b1b6928f78ab4725c,0x0ca6fe18b7370e99735d2b5b1b6928f78ab4725c,12.594075,seaport,19477771,1710960227,0xee9c7f60f0391c0ed3bfb659f26bd1b6f6e430c3ba7354d991799bb4f9b1c21a
BoredApeYachtClub,0xBC4CA0EdA7647A8aB7C2061c2E118A18a936f13D,5089,0x1fee3385b22d69e93209db2042be58fcac57b59b,0x0ca6fe18b7370e99735d2b5b1b6928f78ab4725c,13.239925,seaport,19477771,1710960227,0xee9c7f60f0391c0ed3bfb659f26bd1b6f6e430c3ba7354d991799bb4f9b1c21a
BoredApeYachtClub,0xBC4CA0EdA7647A8aB7C2061c2E118A18a936f13D,9563,0x13ffc3afdde405979711729ec6053e2ee395736f,0x2e7573445b46a305f6b80f86ba56e788b2db7e68,15.0,x2y2,19476695,1710947183,0x52d8ce3ae96c0ef317fa006946a5e6ba1fc12497b3560342b2c931fe9127e7ff
BoredApeYachtClub,0xBC4CA0EdA7647A8aB7C2061c2E118A18a936f13D,2458,0x3820c123ca814d9e05c46f30e3b7bb3bab905af5,0x556d6617465fdb80652f01c6134bb9aa849f8f06,25.0,seaport,19476538,1710945287,0xb315c89401b8c74a740ea14075eb9060ebccda96cba5a8d12b38bc1925743254
BoredApeYachtClub,0xBC4CA0EdA7647A8aB7C2061c2E118A18a936f13D,8279,0xb7a98544083a5f6dd3bcf267aba5a714e3f515f4,0xf15c93562bc3944a68e938ef75d2a3360d98ca57,13.39899,seaport,19476131,1710940367,0x4bfa58b393256e72e994c26b56609e78d3bec0bbadaede4e8a19ca9744af2b50
BoredApeYachtClub,0xBC4CA0EdA7647A8aB7C2061c2E118A18a936f13D,4566,0xb7a98544083a5f6dd3bcf267aba5a714e3f515f4,0xce841f783dc6d9df256af36b1cf6b3a52aa57cdc,13.99,seaport,19476094,1710939923,0x131cbb44e2d8be42363480624c2009a30419eddfb9961b0b6459e30813107dd6
BoredApeYachtClub,0xBC4CA0EdA7647A8aB7C2061c2E118A18a936f13D,796,0xd68615c82c613ca1f42fcdeaeddfa0e1d4c87e6d,0x7c1958ba95ab3170f6069dadf4de304b0c00000c,14.88,seaport,19475826,1710936707,0x60c6b8260fbca16049ddaf1fd32d47e80a346a72009503ba6063077388995655
BoredApeYachtClub,0xBC4CA0EdA7647A8aB7C2061c2E118A18a936f13D,2501,0x26c541f5e1c8eab0f6f0943bb1c8843ab18c4b0d,0xe8377f53834d8213fc7ae5404e4f37f67da63f80,13.248,seaport,19475024,1710926915,0xc42e1235ef93ea795bf92bd8cd32d8cd3c5dc018b9d509ddfd02fe102f882b7c
BoredApeYachtClub,0xBC4CA0EdA7647A8aB7C2061c2E118A18a936f13D,1732,0x8b5abf01b87f87fb8e0ffc60d32ed7dd29b1f06b,0xc301ccb76e60279bd223f25198be3c7239304246,13.2,seaport,19474626,1710922091,0x403bced672985967eae7b2e13abc985719c6e7df903460e857879119eae6b266
BoredApeYachtClub,0xBC4CA0EdA7647A8aB7C2061c2E118A18a936f13D,9138,0x35b2141233fd4cddcc5dd6130122ad7f099ecebe,0x35b2141233fd4cddcc5dd6130122ad7f099ecebe,12.352386,seaport,19472716,1710898943,0x0e229692b3804cd9d86d2da54c0d13c66c4a28ac8a990da8167339a88fccc298
BoredApeYachtClub,0xBC4CA0EdA7647A8aB7C2061c2E118A18a936f13D,9138,0xf15c93562bc3944a68e938ef75d2a3360d98ca57,0x35b2141233fd4cddcc5dd6130122ad7f099ecebe,13.248414,seaport,19472716,1710898943,0x0e229692b3804cd9d86d2da54c0d13c66c4a28ac8a990da8167339a88fccc298
BoredApeYachtClub,0xBC4CA0EdA7647A8aB7C2061c2E118A18a936f13D,2739,0x2de2b9dec8a070b8f0e411579da938715fd6c4e6,0xde9b4206b1499e56e4417f8edb7be4586fed30ba,19.5,x2y2,19471088,1710879083,0x0229bdb3a917a504bd9bcf949f35a2c757b680df9542b8eede2af4f2845ee238
BoredApeYachtClub,0xBC4CA0EdA7647A8aB7C2061c2E118A18a936f13D,5689,0x9ade3067e2f6e9915d0f276687877fbe1515a006,0x9ade3067e2f6e9915d0f276687877fbe1515a006,12.70425,seaport,19470828,1710875939,0xef4a7e7d507c5b432bfa8000dfd8ed919a508831bac3df806791edc2e16bfc7b
BoredApeYachtClub,0xBC4CA0EdA7647A8aB7C2061c2E118A18a936f13D,5689,0x507c9e2089f0db8c4e264206bc4b32ea75ee27ac,0x9ade3067e2f6e9915d0f276687877fbe1515a006,13.35575,seaport,19470828,1710875939,0xef4a7e7d507c5b432bfa8000dfd8ed919a508831bac3df806791edc2e16bfc7b
BoredApeYachtClub,0xBC4CA0EdA7647A8aB7C2061c2E118A18a936f13D,3154,0xad972f5806d8cd2fc58c7f2f49c21278934f9fdc,0xad972f5806d8cd2fc58c7f2f49c21278934f9fdc,12.7725,seaport,19470420,1710871031,0xd76fd7a1859e1c9b279f2970c4f97d15e088162a5a827b4ae985c475294a6fb6
BoredApeYachtClub,0xBC4CA0EdA7647A8aB7C2061c2E118A18a936f13D,3154,0x09c0f83a78e19a0268c5337467b3055423e42196,0xad972f5806d8cd2fc58c7f2f49c21278934f9fdc,13.4275,seaport,19470420,1710871031,0xd76fd7a1859e1c9b279f2970c4f97d15e088162a5a827b4ae985c475294a6fb6
BoredApeYachtClub,0xBC4CA0EdA7647A8aB7C2061c2E118A18a936f13D,1485,0x7ca9cb2d306643123cafa5087f50a1b6e0b3c352,0xa58de7c7b4a165f604392c62b3f721675fdbd887,16.0,seaport,19468701,1710850175,0x1e5d9ed9dc0276765ec66ac7e171d60ad83297f7395a464cf9434032aaeaab8e
BoredApeYachtClub,0xBC4CA0EdA7647A8aB7C2061c2E118A18a936f13D,3649,0x489a832e6065589da129ab75bdc94aa8d04c57bf,0x489a832e6065589da129ab75bdc94aa8d04c57bf,12.72375,seaport,19468284,1710845123,0x5c3612244e4d4981dd11518e91a588d7fccfab6d23d720306e42174b46dd8912
BoredApeYachtClub,0xBC4CA0EdA7647A8aB7C2061c2E118A18a936f13D,3649,0xa56b94022e2d2086450c25efef6d3aeb53368088,0x489a832e6065589da129ab75bdc94aa8d04c57bf,13.37625,seaport,19468284,1710845123,0x5c3612244e4d4981dd11518e91a588d7fccfab6d23d720306e42174b46dd8912
BoredApeYachtClub,0xBC4CA0EdA7647A8aB7C2061c2E118A18a936f13D,860,0x15b2a501578e1bdfa6612be22796ae2c4ce7e7ec,0x15b2a501578e1bdfa6612be22796ae2c4ce7e7ec,23.4,seaport,19467529,1710835955,0x528374976b3ca2dda7baffc6461871955e9ceded4ec8e11d1603551985f32eee
BoredApeYachtClub,0xBC4CA0EdA7647A8aB7C2061c2E118A18a936f13D,860,0x3820c123ca814d9e05c46f30e3b7bb3bab905af5,0x15b2a501578e1bdfa6612be22796ae2c4ce7e7ec,24.6,seaport,19467529,1710835955,0x528374976b3ca2dda7baffc6461871955e9ceded4ec8e11d1603551985f32eee
BoredApeYachtClub,0xBC4CA0EdA7647A8aB7C2061c2E118A18a936f13D,5833,0xa8a384fcda7b5ea26bc51e9c33ae77cdbc89ca14,0x2e7573445b46a305f6b80f86ba56e788b2db7e68,14.49,seaport,19466765,1710826703,0x4c32cd1bd8f397df5b2a4ca00c29a4c0f60fce8c67bb20c743c0c8f7d789c6b2
BoredApeYachtClub,0xBC4CA0EdA7647A8aB7C2061c2E118A18a936f13D,5287,0x2500c32a9d064b1fabf2ef174ee63f3aadf21503,0x2500c32a9d064b1fabf2ef174ee63f3aadf21503,12.791075,seaport,19465444,1710810623,0xeb2b855cc3923a2217173e932356bbd0ffacb782d9e401c2f78befa993c35bd4
BoredApeYachtClub,0xBC4CA0EdA7647A8aB7C2061c2E118A18a936f13D,5287,0x8ed9a20098be9e7d637e3a7f6e7cc998049362a4,0x2500c32a9d064b1fabf2ef174ee63f3aadf21503,13.718925,seaport,19465444,1710810623,0xeb2b855cc3923a2217173e932356bbd0ffacb782d9e401c2f78befa993c35bd4
BoredApeYachtClub,0xBC4CA0EdA7647A8aB7C2061c2E118A18a936f13D,1835,0x891ff8aedac316caee5774c51e21a13a7cea7669,0x6d0267156f1c6ce44caa4bf129b76009d3d41830,16.5,x2y2,19465432,1710810479,0xe809404ef754e2fdc15ad2fa0feeadfa42d35d984f2cd4a71cc2cf6c30dbec5f
BoredApeYachtClub,0xBC4CA0EdA7647A8aB7C2061c2E118A18a936f13D,3474,0xbf13d0b717a35f2f88198d0460cf6a02530c3ff7,0xbf13d0b717a35f2f88198d0460cf6a02530c3ff7,13.11375,seaport,19462475,1710774587,0x52de3ddfcea6afb18352052955fd571f9203f68e6f0d37a65ad4dc61f41b40e9
BoredApeYachtClub,0xBC4CA0EdA7647A8aB7C2061c2E118A18a936f13D,3474,0xce841f783dc6d9df256af36b1cf6b3a52aa57cdc,0xbf13d0b717a35f2f88198d0460cf6a02530c3ff7,13.78625,seaport,19462475,1710774587,0x52de3ddfcea6afb18352052955fd571f9203f68e6f0d37a65ad4dc61f41b40e9
BoredApeYachtClub,0xBC4CA0EdA7647A8aB7C2061c2E118A18a936f13D,2110,0x3820c123ca814d9e05c46f30e3b7bb3bab905af5,0xce841f783dc6d9df256af36b1cf6b3a52aa57cdc,14.5,seaport,19461649,1710764495,0xc37c2c02778b1af8cdd5701661f8815f76198df4df9d43631eae106e4602abf2
BoredApeYachtClub,0xBC4CA0EdA7647A8aB7C2061c2E118A18a936f13D,5301,0xf183046c01300e57292ada6bad9e8902a0684fd4,0x2e7573445b46a305f6b80f86ba56e788b2db7e68,14.98,seaport,19457783,1710717575,0x6d357a533e7ffcb957afaec4c0cb26c0fb947823d94b8e7049535c280fd62be1
BoredApeYachtClub,0xBC4CA0EdA7647A8aB7C2061c2E118A18a936f13D,4505,0xb5a21f33ed269fe52ea79d817667bda6206c8d9a,0xb5a21f33ed269fe52ea79d817667bda6206c8d9a,13.718054,seaport,19456395,1710700667,0xfe57afed8133830221192b5fb8d6d521e5d6b8e48c3fc2455e2d0e17cea9d66c
BoredApeYachtClub,0xBC4CA0EdA7647A8aB7C2061c2E118A18a936f13D,4505,0x8ed9a20098be9e7d637e3a7f6e7cc998049362a4,0xb5a21f33ed269fe52ea79d817667bda6206c8d9a,14.713146,seaport,19456395,1710700667,0xfe57afed8133830221192b5fb8d6d521e5d6b8e48c3fc2455e2d0e17cea9d66c
BoredApeYachtClub,0xBC4CA0EdA7647A8aB7C2061c2E118A18a936f13D,9105,0x8fea76af321a0815bff053323f3a4395c99ed582,0x84ee124284cfe41b387506e3d6149bee0a9ae652,14.9989,seaport,19454447,1710677063,0x12f241fda6a35046beff29419cbb39d31624ec2f96a8402e73b00cfea1d7e156
BoredApeYachtClub,0xBC4CA0EdA7647A8aB7C2061c2E118A18a936f13D,1640,0xeb3a677d41a1f0333c27560d86a0caee33cff031,0xce841f783dc6d9df256af36b1cf6b3a52aa57cdc,13.84,seaport,19451473,1710640931,0x262528b725b85e3fde4735e2d1796f266b5813bed5ccb2a25b418b5e5ba1aa47
BoredApeYachtClub,0xBC4CA0EdA7647A8aB7C2061c2E118A18a936f13D,2820,0xfce613d3592f5a095068bd3c390ca4ee647fc6e8,0x961d8705436d924b7c7130eedab3da93f606503f,13.95,seaport,19448951,1710610307,0x33161052a1fe8072e031afd91a81d747b28c2394668c2667a76447acf6c06905
BoredApeYachtClub,0xBC4CA0EdA7647A8aB7C2061c2E118A18a936f13D,8537,0xb0e9bc2d81856b46d0d0f7217435791c80df0808,0x35b2141233fd4cddcc5dd6130122ad7f099ecebe,18.0,seaport,19445857,1710572627,0x3a347f7525cced7d32998a5e21d6e620b4d3cb2bffb68e08e1bcbb1414fbe49d
BoredApeYachtClub,0xBC4CA0EdA7647A8aB7C2061c2E118A18a936f13D,1575,0x29442d51c9009894870debb43eda0cfaf857b658,0x29442d51c9009894870debb43eda0cfaf857b658,12.57828,seaport,19444142,1710551759,0x766189d56881dcdff497eba65dcbb03bd34be764422d8c4a4867d05938125022
BoredApeYachtClub,0xBC4CA0EdA7647A8aB7C2061c2E118A18a936f13D,1575,0x3e316f6abe52fc5cf70a6c9c0932dcb1fcbf3d62,0x29442d51c9009894870debb43eda0cfaf857b658,13.22332,seaport,19444142,1710551759,0x766189d56881dcdff497eba65dcbb03bd34be764422d8c4a4867d05938125022
BoredApeYachtClub,0xBC4CA0EdA7647A8aB7C2061c2E118A18a936f13D,3938,0x3820c123ca814d9e05c46f30e3b7bb3bab905af5,0xcaf4f7017523dd07e59469092fd27cedaba42f04,16.1,seaport,19438665,1710485363,0x2a939d7078dc2f91b1169c3a54a85f007a68d24f24499307ab218d20fb8bdf49
BoredApeYachtClub,0xBC4CA0EdA7647A8aB7C2061c2E118A18a936f13D,5234,0x184bae584e3aedaa44d88d9f83f2244ac53ade5d,0x184bae584e3aedaa44d88d9f83f2244ac53ade5d,13.109362,seaport,19436095,1710454103,0x3b2191baeeec437e44349f8e920fbaecfea63292760c40d03adfaa5ea0dacb1d
BoredApeYachtClub,0xBC4CA0EdA7647A8aB7C2061c2E118A18a936f13D,5234,0x3e316f6abe52fc5cf70a6c9c0932dcb1fcbf3d62,0x184bae584e3aedaa44d88d9f83f2244ac53ade5d,13.781637,seaport,19436095,1710454103,0x3b2191baeeec437e44349f8e920fbaecfea63292760c40d03adfaa5ea0dacb1d
BoredApeYachtClub,0xBC4CA0EdA7647A8aB7C2061c2E118A18a936f13D,9791,0xbb67fbf829c293bbc73db7e0f4f5cb50ca351e74,0xbb67fbf829c293bbc73db7e0f4f5cb50ca351e74,12.792426,seaport,19434492,1710434507,0x326348726945dccaf25109d4fdbc682faf01b2d503f6d0e8ecc716a0c58ffc01
BoredApeYachtClub,0xBC4CA0EdA7647A8aB7C2061c2E118A18a936f13D,9791,0xf15c93562bc3944a68e938ef75d2a3360d98ca57,0xbb67fbf829c293bbc73db7e0f4f5cb50ca351e74,13.720374,seaport,19434492,1710434507,0x326348726945dccaf25109d4fdbc682faf01b2d503f6d0e8ecc716a0c58ffc01
BoredApeYachtClub,0xBC4CA0EdA7647A8aB7C2061c2E118A18a936f13D,1732,0xc301ccb76e60279bd223f25198be3c7239304246,0xce841f783dc6d9df256af36b1cf6b3a52aa57cdc,13.9,x2y2,19432030,1710404519,0x13b5d2b4f6d8a58ff360d7a437fd3dc8aed53b76438613ea13deb3cb435dddd2
BoredApeYachtClub,0xBC4CA0EdA7647A8aB7C2061c2E118A18a936f13D,6957,0xc301ccb76e60279bd223f25198be3c7239304246,0xc301ccb76e60279bd223f25198be3c7239304246,13.60125,seaport,19431573,1710398951,0xda2bb1a799b0dffb1ab3d4fd31767ff512c6bb148be2347c2c0e594adc06c4bd
BoredApeYachtClub,0xBC4CA0EdA7647A8aB7C2061c2E118A18a936f13D,6957,0xd7db7fb9ae9b8204480b1dfea46e79d513c8f92b,0xc301ccb76e60279bd223f25198be3c7239304246,14.29875,seaport,19431573,1710398951,0xda2bb1a799b0dffb1ab3d4fd31767ff512c6bb148be2347c2c0e594adc06c4bd
BoredApeYachtClub,0xBC4CA0EdA7647A8aB7C2061c2E118A18a936f13D,4819,0x8a7f10da28788428e469d2621e2eb3026b195678,0x1e04bfb945dfa23ed8bdea67947ca0d7b5fff75d,14.99,seaport,19430215,1710382427,0x84625c358b58365c2a42c61e882a979c056a2c8e244ed45c5aff6d7e933ff55c
BoredApeYachtClub,0xBC4CA0EdA7647A8aB7C2061c2E118A18a936f13D,7218,0xbfe6695e3ad5fb15ba57b1fb2e9e92acb04c1908,0x5deccd005df66cdd2f0b668610709e562eb3a00e,15.4,seaport,19430161,1710381743,0xe1e646efdbfbb47ec13b1a32dc415be0d41291fb8e3cc982047c74249ee6bbbe
BoredApeYachtClub,0xBC4CA0EdA7647A8aB7C2061c2E118A18a936f13D,5684,0xce841f783dc6d9df256af36b1cf6b3a52aa57cdc,0xce841f783dc6d9df256af36b1cf6b3a52aa57cdc,13.8305,seaport,19429997,1710379751,0x09b68261dae869d11d71d98767c29e3a82eedd01b83baa8830147dc1c84d3f71
BoredApeYachtClub,0xBC4CA0EdA7647A8aB7C2061c2E118A18a936f13D,5684,0x6900c1f8e31b786ad9a85219d6d3fca20fedbd3f,0xce841f783dc6d9df256af36b1cf6b3a52aa57cdc,13.9695,seaport,19429997,1710379751,0x09b68261dae869d11d71d98767c29e3a82eedd01b83baa8830147dc1c84d3f71
BoredApeYachtClub,0xBC4CA0EdA7647A8aB7C2061c2E118A18a936f13D,8643,0x95921da9f69d177c1c4421ff3b70446883c538b8,0x95921da9f69d177c1c4421ff3b70446883c538b8,14.625,seaport,19426849,1710341327,0x44f49f6a8ee175de1168ff1761f95b554291f9ec58fca8ed910635b832f440e9
BoredApeYachtClub,0xBC4CA0EdA7647A8aB7C2061c2E118A18a936f13D,8643,0xf5a74a8b5034a7083cdc9da288c62027f54897ca,0x95921da9f69d177c1c4421ff3b70446883c538b8,15.375,seaport,19426849,1710341327,0x44f49f6a8ee175de1168ff1761f95b554291f9ec58fca8ed910635b832f440e9
BoredApeYachtClub,0xBC4CA0EdA7647A8aB7C2061c2E118A18a936f13D,4690,0x1fb85970a250f1741beb0056a97954d4dc7b1009,0x1fb85970a250f1741beb0056a97954d4dc7b1009,14.256547,seaport,19424773,1710316247,0x75780b31adf39a46881d7d1a51c5690b9cd2334c1d27e0815f7deee9944fb0cf
BoredApeYachtClub,0xBC4CA0EdA7647A8aB7C2061c2E118A18a936f13D,4690,0x645998e8aa4817ed6c6fe244482d8842ace72c29,0x1fb85970a250f1741beb0056a97954d4dc7b1009,14.987652,seaport,19424773,1710316247,0x75780b31adf39a46881d7d1a51c5690b9cd2334c1d27e0815f7deee9944fb0cf
BoredApeYachtClub,0xBC4CA0EdA7647A8aB7C2061c2E118A18a936f13D,9789,0xf3c8a1baf3d533d300d02798169991d2aafab019,0x3ed7db11f0b2de2fa4d65e8114d9d914bc5dc2fa,15.39,seaport,19424463,1710312515,0x6da89418f8a320f7dfb98f7185c60f3479d31a8f8786882f0ad8009db6bfd36a
BoredApeYachtClub,0xBC4CA0EdA7647A8aB7C2061c2E118A18a936f13D,1379,0xaf184b4cbc73a9ca2f51c4a4d80ed67a2578e9f4,0xa2f034ce514acfc14b43601e1d0ff4e1e6b72067,14.98,seaport,19424335,1710310967,0x11866326f45704c282ef0fcb4d287eed71fd4765013c53f275cd03fec3b83b33
BoredApeYachtClub,0xBC4CA0EdA7647A8aB7C2061c2E118A18a936f13D,8044,0xb17cf8ef22a650b6de374a14fb1cabda635fdd8b,0x302f7ced2522a8d397e3f773622d6f2b70e381ad,15.0,seaport,19423905,1710305771,0xaacf2fcd841c50271d3531762b73f68d60b8b677fb854cdca127795743b6785d
BoredApeYachtClub,0xBC4CA0EdA7647A8aB7C2061c2E118A18a936f13D,9041,0xe516dd1dbdf3bc7a647f8e1995a81ba3c96fa32f,0x3eaec65023ee6b06ec46a25b96cebe0403960408,14.392,seaport,19423629,1710302423,0x17ad91b095561d92e2ab275bc4535a017689e6aabf23f53f66a22a99b25f6450
BoredApeYachtClub,0xBC4CA0EdA7647A8aB7C2061c2E118A18a936f13D,6096,0x4ed2f648bbe43164746b7401880ee5dac5296422,0x4ed2f648bbe43164746b7401880ee5dac5296422,12.358369,seaport,19422814,1710292535,0xc4e90aa0bef17ad648d19281e41d0430a05d235ad3c15b8c55091a7e207c9254
BoredApeYachtClub,0xBC4CA0EdA7647A8aB7C2061c2E118A18a936f13D,6096,0xf15c93562bc3944a68e938ef75d2a3360d98ca57,0x4ed2f648bbe43164746b7401880ee5dac5296422,13.254831,seaport,19422814,1710292535,0xc4e90aa0bef17ad648d19281e41d0430a05d235ad3c15b8c55091a7e207c9254
BoredApeYachtClub,0xBC4CA0EdA7647A8aB7C2061c2E118A18a936f13D,336,0x740802ea66731e8401b689ffdfb27e592892f035,0x740802ea66731e8401b689ffdfb27e592892f035,12.671783,seaport,19422610,1710290087,0x1a778c3d9e037d207682b2b34269c61067fcfcb256b8002e751c3b0ba91b479f
BoredApeYachtClub,0xBC4CA0EdA7647A8aB7C2061c2E118A18a936f13D,336,0x1fee3385b22d69e93209db2042be58fcac57b59b,0x740802ea66731e8401b689ffdfb27e592892f035,13.321618,seaport,19422610,1710290087,0x1a778c3d9e037d207682b2b34269c61067fcfcb256b8002e751c3b0ba91b479f
BoredApeYachtClub,0xBC4CA0EdA7647A8aB7C2061c2E118A18a936f13D,4507,0x740802ea66731e8401b689ffdfb27e592892f035,0x740802ea66731e8401b689ffdfb27e592892f035,13.358475,seaport,19422594,1710289895,0xb65f3d983e28660d14d72e18b74ac75bd98abba3b1ab6b683a1ff786ddcc2fac
BoredApeYachtClub,0xBC4CA0EdA7647A8aB7C2061c2E118A18a936f13D,4507,0x0097b9cfe64455eed479292671a1121f502bc954,0x740802ea66731e8401b689ffdfb27e592892f035,14.043525,seaport,19422594,1710289895,0xb65f3d983e28660d14d72e18b74ac75bd98abba3b1ab6b683a1ff786ddcc2fac
BoredApeYachtClub,0xBC4CA0EdA7647A8aB7C2061c2E118A18a936f13D,5980,0x740802ea66731e8401b689ffdfb27e592892f035,0x740802ea66731e8401b689ffdfb27e592892f035,12.87,seaport,19422580,1710289727,0x001f258d73eb6b71651a8b6daf68ecf13b6552038d93cafa507238cfe2feae15
BoredApeYachtClub,0xBC4CA0EdA7647A8aB7C2061c2E118A18a936f13D,5980,0xce841f783dc6d9df256af36b1cf6b3a52aa57cdc,0x740802ea66731e8401b689ffdfb27e592892f035,13.53,seaport,19422580,1710289727,0x001f258d73eb6b71651a8b6daf68ecf13b6552038d93cafa507238cfe2feae15
BoredApeYachtClub,0xBC4CA0EdA7647A8aB7C2061c2E118A18a936f13D,3519,0x44ea6f4805b92b14951c109fed1ef55d6fa6d084,0xf2fc63e527bec050c0ddb22265a703a997e1b6cc,14.391,seaport,19422260,1710285839,0xdc498f38b2f71442082c719b2432c6609a9ba3f516d630b61023d999867fa45f
BoredApeYachtClub,0xBC4CA0EdA7647A8aB7C2061c2E118A18a936f13D,7697,0x97d1dbf04364163b3b26efba2f704dec1e2ffac4,0x97d1dbf04364163b3b26efba2f704dec1e2ffac4,12.735352,seaport,19421613,1710278027,0x22f4fd84f2433678d8dc1eb8f8a61315d5bcde1bd91e23e746d73fc1e7d59f50
BoredApeYachtClub,0xBC4CA0EdA7647A8aB7C2061c2E118A18a936f13D,7697,0x645998e8aa4817ed6c6fe244482d8842ace72c29,0x97d1dbf04364163b3b26efba2f704dec1e2ffac4,13.388447,seaport,19421613,1710278027,0x22f4fd84f2433678d8dc1eb8f8a61315d5bcde1bd91e23e746d73fc1e7d59f50
BoredApeYachtClub,0xBC4CA0EdA7647A8aB7C2061c2E118A18a936f13D,8396,0x97d1dbf04364163b3b26efba2f704dec1e2ffac4,0x97d1dbf04364163b3b26efba2f704dec1e2ffac4,12.593057,seaport,19421610,1710277991,0x876a4f53985a0a5ee180e46edb7390b19219d30c5467d8840805bbcb011161da
BoredApeYachtClub,0xBC4CA0EdA7647A8aB7C2061c2E118A18a936f13D,8396,0xf15c93562bc3944a68e938ef75d2a3360d98ca57,0x97d1dbf04364163b3b26efba2f704dec1e2ffac4,13.506543,seaport,19421610,1710277991,0x876a4f53985a0a5ee180e46edb7390b19219d30c5467d8840805bbcb011161da
BoredApeYachtClub,0xBC4CA0EdA7647A8aB7C2061c2E118A18a936f13D,6020,0x7a1d99c12c22fd8b64e62b1fbfc4677140f0cf8f,0x84ee124284cfe41b387506e3d6149bee0a9ae652,13.649,seaport,19421498,1710276647,0x164e6e55fa9911dcbfa68f31b5dc820afa12183240bdd6d8cbe1ae2cdcf33cd3
BoredApeYachtClub,0xBC4CA0EdA7647A8aB7C2061c2E118A18a936f13D,9738,0x8b5abf01b87f87fb8e0ffc60d32ed7dd29b1f06b,0xf15c93562bc3944a68e938ef75d2a3360d98ca57,14.95,seaport,19421449,1710276059,0xed2fcd41c0d0e3072929261b073a7a5ae535541faf9977b690a36ed7d1fde4b1
BoredApeYachtClub,0xBC4CA0EdA7647A8aB7C2061c2E118A18a936f13D,9255,0x52236918af7bc85d654837b568498dde6ce1407c,0x9727e451546e8d2103d432967796904164477d9a,13.39,seaport,19421303,1710274307,0x4e62465bd79c4b6e801ce0aa65924611d3ab1af0d0319f04b61c001fb3857b50
BoredApeYachtClub,0xBC4CA0EdA7647A8aB7C2061c2E118A18a936f13D,4527,0x63ac40bea352df57f460c391af0a512105c142ef,0x0e73d837b29ac157d072c946ad65d3fa9a5750ba,16.25,seaport,19421164,1710272639,0xbc7860309062b6fbd6285bd5e3a4c3cdfe4f95de74a9cdc142e3dabf9a78a573
Azuki,0xED5AF388653567Af2F388E6224dC7C4b3241C544,308,0xbc1934f548417f79ab10138b57716fbc7c25c177,0x2efb798f5f77b6aa5d9bdf620228817c842cf36d,70.0,x2y2,19767095,1714467635,0xb160a358c7e349609ba0511996513919cd3f4d54dac0d40307c96ce5df7979c8
Azuki,0xED5AF388653567Af2F388E6224dC7C4b3241C544,9050,0xe80fd7a82d4191717b43e7316359a06ec9a6a7a0,0x6bbc768ecb1c39cd34b96e996442901b3beee8d4,4.9,x2y2,19747840,1714235087,0xacfe290c96621c2c1b49e54bc5968457bdfe97ccce8b58b15c4e52fb177a8937
Azuki,0xED5AF388653567Af2F388E6224dC7C4b3241C544,5869,0xeae48336d3ff45cf4832f016bd396a7a0e27e090,0xa1313a9d6ab08d24e03c2251817b72676df4c3bb,67.0,x2y2,19730622,1714026851,0xf80358e603d0eca73816ae875ca57c859a2bc79959ae956f4bfc58fe5ebaa4f3
Azuki,0xED5AF388653567Af2F388E6224dC7C4b3241C544,7200,0xbc1934f548417f79ab10138b57716fbc7c25c177,0xe80fd7a82d4191717b43e7316359a06ec9a6a7a0,7.2,x2y2,19683697,1713459695,0xc62a6439b124d8a944343852fdb9baf61d5378afc47d2eef4bac0fa400834131
Azuki,0xED5AF388653567Af2F388E6224dC7C4b3241C544,7486,0xcd126ddb47efd449c9b76886b250be341b1049c0,0xbc1934f548417f79ab10138b57716fbc7c25c177,9.0,x2y2,19683478,1713457055,0x48ff3d5129adfc4b07c18cfe721818b3dffc59b8f325ae95cfd2c8bd50fc8695
Azuki,0xED5AF388653567Af2F388E6224dC7C4b3241C544,875,0xcd126ddb47efd449c9b76886b250be341b1049c0,0x9de416ab881b322ee0b4c189c2de624090280cf2,4.35,x2y2,19683053,1713451871,0x2ae89c877013eb3a431fa2610549601e01d6a65726926b0a54e7195ddb9b0a6a
Azuki,0xED5AF388653567Af2F388E6224dC7C4b3241C544,1983,0xcd126ddb47efd449c9b76886b250be341b1049c0,0x9de416ab881b322ee0b4c189c2de624090280cf2,4.5,x2y2,19683051,1713451847,0x54f9092e97c1ded954c247289c650bb894d341952cd63e8da02bf3a85e4789c8
Azuki,0xED5AF388653567Af2F388E6224dC7C4b3241C544,508,0xcd126ddb47efd449c9b76886b250be341b1049c0,0x0097b9cfe64455eed479292671a1121f502bc954,7.2,x2y2,19676019,1713366875,0xf5e0523cab916ec00b6f71e962ffab5f58a1a5d1b8fc002c66146dccb64a2f5b
Azuki,0xED5AF388653567Af2F388E6224dC7C4b3241C544,9636,0x6b7a91c6a6832bc3498883ff65268612f67c8119,0x94e9d73a2aeec807d85756b84759965b41866450,4.75,x2y2,19582241,1712231759,0xb7deb5e9b03a958d876cb8c292ca3c32cd7d372396bf2baa272e83372953ca09
Azuki,0xED5AF388653567Af2F388E6224dC7C4b3241C544,2457,0xc1cfa03bbd30d3048e580edee774b514d82b0750,0x0097b9cfe64455eed479292671a1121f502bc954,4.5,x2y2,19580709,1712213255,0x2b61bf4bd8c2beb95100b906865fcd2db0742ae35d2fd22d6028a26548a90783
Azuki,0xED5AF388653567Af2F388E6224dC7C4b3241C544,277,0x2bdcec3bef517f35064c7cdb7f04803f4fb9824d,0x2bdcec3bef517f35064c7cdb7f04803f4fb9824d,3.986092,seaport,19569140,1712073431,0xd11020f5f8b34c40edf07d3a793782152d1e68380274c5c07c14d2ae62fe4a4e
Azuki,0xED5AF388653567Af2F388E6224dC7C4b3241C544,277,0x0097b9cfe64455eed479292671a1121f502bc954,0x2bdcec3bef517f35064c7cdb7f04803f4fb9824d,4.190508,seaport,19569140,1712073431,0xd11020f5f8b34c40edf07d3a793782152d1e68380274c5c07c14d2ae62fe4a4e
Azuki,0xED5AF388653567Af2F388E6224dC7C4b3241C544,2267,0xfa9a55607bf094f991884f722b7fba3a76687e40,0xfdbece068035337f0db9674aec46b37f2c6ada2c,8.5,x2y2,19565753,1712032307,0xd7a041e6b0109aec79bd4a79ba35d8956907f72e3ed5af37feabd702d4843270
Azuki,0xED5AF388653567Af2F388E6224dC7C4b3241C544,1836,0xdf961e2c3114506e2f5d5bc0ca334f740f7fc4dd,0x1b68a276c33e93ea69afeb39aa8958fb9b96e15b,70.0,x2y2,19562582,1711993931,0xd89bb863fc6dcba2fa690b3e9ac21a67fc2dc00686ced2ee5e2c611054d9a4c9
Azuki,0xED5AF388653567Af2F388E6224dC7C4b3241C544,6525,0xcd126ddb47efd449c9b76886b250be341b1049c0,0x59dbce846aa40f138d805a7cebe2afb0c33066a3,72.0,x2y2,19562188,1711989143,0xe554b2d69e24a09fda26ac9471e54bf2485d7656a91f3366d4a40b8177ada9af
Azuki,0xED5AF388653567Af2F388E6224dC7C4b3241C544,9078,0x9194d724a29aa1bc40f8628d074ce212fd64cb14,0xf40e567bbd7b7a243b03972e5bb33df8e848d066,4.9,x2y2,19554349,1711893887,0x08826b1fff6b8b0561fc351ae4d3cc031b3b17c8958b36a618f179fc4ae0dfe3
Azuki,0xED5AF388653567Af2F388E6224dC7C4b3241C544,4403,0x8c0a7439d6776262ce06b44a1ecb9a0aee641aac,0x8c0a7439d6776262ce06b44a1ecb9a0aee641aac,4.684387,seaport,19532846,1711631783,0x84e7842e883cb20ace0f2e49095fe37a208ce38e8ab7ffc4d4bbe460090983db
Azuki,0xED5AF388653567Af2F388E6224dC7C4b3241C544,4403,0x0097b9cfe64455eed479292671a1121f502bc954,0x8c0a7439d6776262ce06b44a1ecb9a0aee641aac,4.924613,seaport,19532846,1711631783,0x84e7842e883cb20ace0f2e49095fe37a208ce38e8ab7ffc4d4bbe460090983db
Azuki,0xED5AF388653567Af2F388E6224dC7C4b3241C544,7934,0xfa122d3cbc13e706710c1832f2aa6fe39476f623,0x885b8da26103188186a1f42b4ead654dafdb1b6b,5.25,seaport,19532805,1711631291,0x3d2488ba418d187b575a3ecfb424b44a2df5894175c43ec88a702da46dec085e
Azuki,0xED5AF388653567Af2F388E6224dC7C4b3241C544,731,0x9fb23a9d484ee7ab3e5ec864da290e72b79716fe,0x9b669cb81b3988fc9da4c42a84fb0403b4b91ad0,9.9,x2y2,19529272,1711588391,0xd43418fec68f831ab6f87f78398a410ca9b23f02c0761685e48813cf5d477d4b
Azuki,0xED5AF388653567Af2F388E6224dC7C4b3241C544,4565,0xbeaf1ef88d29e4004802ddaf391c1c8188ed7432,0x6ba40551f7a18e1439ffc1397a22f95b25dbdb4b,6.0,seaport,19525857,1711544987,0xadeb125dd578a9ce0571c358200d417fbbd38f1a301f1ef39a7dc01985c08e12
Azuki,0xED5AF388653567Af2F388E6224dC7C4b3241C544,8755,0x45083059173afa275730617fcd446c1c5d19508e,0x3e6527de2cfec82ce5240d5559a8b09d256d5d6d,5.6,seaport,19525810,1711544423,0x6f8cbfa6e799b0ea6d8c7306acedab0b5ed81dc54d37b5253710d8463fb3e0e0
Azuki,0xED5AF388653567Af2F388E6224dC7C4b3241C544,5758,0x45083059173afa275730617fcd446c1c5d19508e,0x3e6527de2cfec82ce5240d5559a8b09d256d5d6d,5.6,seaport,19525810,1711544423,0x6f8cbfa6e799b0ea6d8c7306acedab0b5ed81dc54d37b5253710d8463fb3e0e0
Azuki,0xED5AF388653567Af2F388E6224dC7C4b3241C544,6150,0x0fcbfc0a67985ee0803def22343ec4aeed02760e,0x94f055731e8588cf434de1591dc922490a86cd4e,5.55,x2y2,19524609,1711529675,0xb9974e831c4b0ea2318d3cda4079c7a046d587f80f717ff716303c068a5408c1
Azuki,0xED5AF388653567Af2F388E6224dC7C4b3241C544,1497,0xc71f4f16aee77b163429da7602e08889cc864bef,0xc71f4f16aee77b163429da7602e08889cc864bef,4.914878,seaport,19520468,1711478747,0xbb2fc8ac55983dab299a6a776f3a909f37c9408d3fa1c5d0388d08722f4232c1
Azuki,0xED5AF388653567Af2F388E6224dC7C4b3241C544,1497,0x4f59ce7bb4777b536f09116b66c95a5d1ea8a8e6,0xc71f4f16aee77b163429da7602e08889cc864bef,5.166923,seaport,19520468,1711478747,0xbb2fc8ac55983dab299a6a776f3a909f37c9408d3fa1c5d0388d08722f4232c1
Azuki,0xED5AF388653567Af2F388E6224dC7C4b3241C544,2019,0x03e37e1c61253b9fa4fcd2627784b0f3fd6cea5c,0x9451f0ef7a6bbbb6466b69ca19b7944d7bb836fd,5.25,seaport,19517572,1711443443,0x4ad83858ac95854ed1ab3ec00180acd8c3caf605be51e597601b5d18d24a8ad0
Azuki,0xED5AF388653567Af2F388E6224dC7C4b3241C544,7599,0x97bfcf95b940e46990a42fdc21812be84442ef74,0xa98caf8b47eeef8d62402fb49b9afec75a7f4afc,5.2,seaport,19517440,1711441859,0xcab03a1b46fe0f9ba809a62603f863a0031ebe5d0c06645a8ab826b47c8e0ae6
Azuki,0xED5AF388653567Af2F388E6224dC7C4b3241C544,8041,0x4f6f6b4eacff3e96c19d8773ac5ac05f5a650207,0x6a8bc66bb56bdddcc43b5e976a728d864c2aa4a4,5.2,seaport,19517433,1711441775,0x15a9f50e78956d5bf210b048f788dc48a0d878de973ac056522cc07d6e462826
Azuki,0xED5AF388653567Af2F388E6224dC7C4b3241C544,5108,0xa7b5ca022774bd02842932e4358ddcbea0ccaade,0xc2144a4e236ddd95224acd16f7d73128c9d3f8b8,5.1,seaport,19517346,1711440731,0x24dc2a7ec2f418731012683c301d3a740a7ca873f6638bb7e4830ce90cd33064
Azuki,0xED5AF388653567Af2F388E6224dC7C4b3241C544,4270,0xc821d3d24c27c713a9e2758086bd29b23f7381e2,0x62b7d292cb214bb83921438f9f1edc55cd318836,5.0,seaport,19517342,1711440683,0x5b794c7671d62f5bde8bfdd1b4f1219ec6606cb4b9a8b6d5e6be4026696a3df6
Azuki,0xED5AF388653567Af2F388E6224dC7C4b3241C544,6467,0xc821d3d24c27c713a9e2758086bd29b23f7381e2,0x8bb1ac0a962492b8de72d14c011425ae7b212c97,4.999,seaport,19516702,1711432883,0xff547235a83e09ba6e2132511db8efd2332a43a3749b0dfa32d68881e531086a
Azuki,0xED5AF388653567Af2F388E6224dC7C4b3241C544,8705,0x88e19ddfb33dd7e4daefa4ed965e06153204cd92,0x5d9f578f4626e132248abc3ccd88c7e59fb644d9,4.99,seaport,19516673,1711432535,0x39a5258a0c436f13505ec55c8fbbb348991bc29d27ca929ee5451b109a43a2f3
Azuki,0xED5AF388653567Af2F388E6224dC7C4b3241C544,6635,0xac32967007909f5b312557e4909cb73a3dea3d8d,0x3ced4ab8f70798c4354944261d6befba89a51171,5.0,seaport,19516590,1711431527,0x6fb4c6f3c2497ae73ef59b1e3720a329d439d6d854dfd89cdd3da0f7c64529ef
Azuki,0xED5AF388653567Af2F388E6224dC7C4b3241C544,5020,0xbef0af218433e07d8bf9ec11065294160e43e82c,0x0c425a9c77ad1a320343b44faac7e739963a21a3,5.2,seaport,19513983,1711400039,0xb30da5ab35955bcd55b9e14563b0de6cd9d848636a16f88e34d8f0c2fd6a8d53
Azuki,0xED5AF388653567Af2F388E6224dC7C4b3241C544,3969,0xbfbee9b20b0ba618b9ed44623faf86a0b2e21b1f,0x89e2ad6fd0a0a3dc3f310761be52e246b14e1575,5.0,seaport,19510993,1711363607,0xb6b9883a56bb874881d0d5d6de63f1f22f68174631e2fd9addb6eb3ebc23b855
Azuki,0xED5AF388653567Af2F388E6224dC7C4b3241C544,4388,0x000099b4a4d3ceb370d3a8a6235d24e07a8c0000,0xcc356fb61d359f376615b54bdc29a53f0ca7aa0d,0.0,blur,19510936,1711362923,0xa3d4d990cec9f7ac78fde12493f590a3ff11a661b855800fe46dabf3968746de
Azuki,0xED5AF388653567Af2F388E6224dC7C4b3241C544,2704,0x8a4b4bd8c5e842eecb2681b99dc5c25b8eb11710,0x0adc41b6fe12074e3ef041dd6ca12ef64c9fddb9,6.6,seaport,19510162,1711353467,0x3fa0a99a44d68484633d5072b26fa887cbb22fe08e6963f87491b71deb9c6eca
Azuki,0xED5AF388653567Af2F388E6224dC7C4b3241C544,5136,0x0adc41b6fe12074e3ef041dd6ca12ef64c9fddb9,0x0adc41b6fe12074e3ef041dd6ca12ef64c9fddb9,3.938122,seaport,19508384,1711331759,0xbbf438eec79349980ac967f814ebe891fd9fc2169ddafdd1c9dbb815bc6031db
Azuki,0xED5AF388653567Af2F388E6224dC7C4b3241C544,5136,0x3e316f6abe52fc5cf70a6c9c0932dcb1fcbf3d62,0x0adc41b6fe12074e3ef041dd6ca12ef64c9fddb9,4.140078,seaport,19508384,1711331759,0xbbf438eec79349980ac967f814ebe891fd9fc2169ddafdd1c9dbb815bc6031db
Azuki,0xED5AF388653567Af2F388E6224dC7C4b3241C544,2218,0x9ae0b5adeb38135f5e80ea5b4a97392a60f6f4ea,0x1e1936adba1d18be91694727086e40647decf375,7.5,x2y2,19506063,1711303535,0x94484b0bdf0f033335d2461dbdd539d119361ac8921be1732cd0ddcf0531dbe5
Azuki,0xED5AF388653567Af2F388E6224dC7C4b3241C544,3916,0x9ae0b5adeb38135f5e80ea5b4a97392a60f6f4ea,0x1e1936adba1d18be91694727086e40647decf375,7.0,x2y2,19506057,1711303463,0x7d35f551964aa411fbfd472bb3189e8605cde75ca0173e65e24d03892ee7e68f
Azuki,0xED5AF388653567Af2F388E6224dC7C4b3241C544,4015,0x1f630d7434f2b079cb925c338b8ba9e5302c0583,0x1f630d7434f2b079cb925c338b8ba9e5302c0583,4.128247,seaport,19498595,1711212563,0xb45cc2eb541fda16249b7743e6414126dfa5ffa861765337587c97f5ac51a96f
Azuki,0xED5AF388653567Af2F388E6224dC7C4b3241C544,4015,0x0097b9cfe64455eed479292671a1121f502bc954,0x1f630d7434f2b079cb925c338b8ba9e5302c0583,4.339952,seaport,19498595,1711212563,0xb45cc2eb541fda16249b7743e6414126dfa5ffa861765337587c97f5ac51a96f
Azuki,0xED5AF388653567Af2F388E6224dC7C4b3241C544,277,0xc2b6589234bc3c9ff14d1b111402a07df99c35b1,0x0097b9cfe64455eed479292671a1121f502bc954,4.8888,seaport,19497354,1711197575,0x44ed9e8196ed487a4313b3183d8a958583d1a2b694a98bf01cd2d5bb13ecd7ce
Azuki,0xED5AF388653567Af2F388E6224dC7C4b3241C544,3065,0xa4cc3f2057f0676cd73e360aa5287087b7ad3b00,0x55800060d2d61d6d88eb60ca227ebff92ba03e2d,4.64,seaport,19489392,1711101119,0x4f75f36f98085d8a55dff2bde71bb80550607dbea199534df4f8e85dc9043c21
Azuki,0xED5AF388653567Af2F388E6224dC7C4b3241C544,4222,0x000099b4a4d3ceb370d3a8a6235d24e07a8c0000,0x1618d7838242267e88224dc36fa21c9fee179dd8,0.0,blur,19487975,1711083983,0x4e4ef09257a7aaae264511ee3bb2631907be17d7e812078cb2f66ccef7831a78
Azuki,0xED5AF388653567Af2F388E6224dC7C4b3241C544,8699,0x7dc326e4e93a552a58876edb8561687f4dff83d0,0x9451f0ef7a6bbbb6466b69ca19b7944d7bb836fd,4.8,seaport,19482734,1711020371,0x1a4e8dec9ce6bd21d5fb9ff3da4b7f89f2d0bae3f712a48668744a4e45d24012
Azuki,0xED5AF388653567Af2F388E6224dC7C4b3241C544,7769,0x9fb23a9d484ee7ab3e5ec864da290e72b79716fe,0x1e1936adba1d18be91694727086e40647decf375,7.69,x2y2,19482269,1711014767,0x53bab77a23afe6e18bbe140ca382b59c962d60d4e15ae0c3b76b82a784b45544
Azuki,0xED5AF388653567Af2F388E6224dC7C4b3241C544,9078,0xf40e567bbd7b7a243b03972e5bb33df8e848d066,0x0097b9cfe64455eed479292671a1121f502bc954,4.5888,seaport,19480791,1710996815,0x8f50c4d15ab21cdf37d2d2c430230c5806d7c9f41db67577975007ca6e770efd
Azuki,0xED5AF388653567Af2F388E6224dC7C4b3241C544,3642,0xbcce0335d3796408bdb4cdc365d23029f9797979,0x0097b9cfe64455eed479292671a1121f502bc954,4.549,seaport,19480527,1710993599,0xd8cf1ad958991e74ba50656d898c84dddaf085e7d33c37fb1df75f2afa57b197
Azuki,0xED5AF388653567Af2F388E6224dC7C4b3241C544,9391,0x52c946c93798e3a47a7888164dbc0375d081f720,0x6d0d27930eb2a52a7528b9eaecbbd24a6894e73d,4.6,x2y2,19480498,1710993239,0x009d184657108aab1f514a2de4859f9caa91d79ad9dffe5987e7a07f9ff97a37
Azuki,0xED5AF388653567Af2F388E6224dC7C4b3241C544,5258,0xf0aca4e017e9d9ef77a7fdeee93ce15f26cfd518,0x7bf14d493520f20fad2e326dec83509d1116c6b6,4.7,seaport,19478196,1710965387,0xbe12ba090dc190f80fe064fb208395346c32f91341bd4e80aa02f04a95bb8e5e
Azuki,0xED5AF388653567Af2F388E6224dC7C4b3241C544,697,0xac32967007909f5b312557e4909cb73a3dea3d8d,0x4ad742e05edb6bdfede3e94d3f4bb884de2d4836,4.0,seaport,19476934,1710950063,0xf0ceaf596f56272f7bb510f096df932b01f76c511691adb8f31385d0f2ae9caf
Azuki,0xED5AF388653567Af2F388E6224dC7C4b3241C544,5065,0xac32967007909f5b312557e4909cb73a3dea3d8d,0x397d0fbc55b95627458a748914f17be363150c26,4.0,seaport,19476934,1710950063,0xf0ceaf596f56272f7bb510f096df932b01f76c511691adb8f31385d0f2ae9caf
Azuki,0xED5AF388653567Af2F388E6224dC7C4b3241C544,3539,0xac32967007909f5b312557e4909cb73a3dea3d8d,0x961d8705436d924b7c7130eedab3da93f606503f,4.0,seaport,19476934,1710950063,0xf0ceaf596f56272f7bb510f096df932b01f76c511691adb8f31385d0f2ae9caf
Azuki,0xED5AF388653567Af2F388E6224dC7C4b3241C544,6934,0x495d85fd7d267e55e980dd806d42ffdf49824fa6,0xb97279f0a18f3b705742f0d1352afb9653bec821,4.1925,seaport,19476926,1710949967,0x73aa9939d997fe76cb81d1da6594cb4ed693c2154ea8531a4fb841c21fdd38bc
Azuki,0xED5AF388653567Af2F388E6224dC7C4b3241C544,3358,0x66666f58de1bcd762a5e5c5aff9cc3c906d66666,0xce841f783dc6d9df256af36b1cf6b3a52aa57cdc,3.9,seaport,19475344,1710930875,0x4b3951f229d9e5a7edec3a015bf4543ead2c9272d7d85f35cca59143d1b60110
Azuki,0xED5AF388653567Af2F388E6224dC7C4b3241C544,369,0xcd17b19b47f8a3e9ca45df086580f4a19d7f4941,0xcd17b19b47f8a3e9ca45df086580f4a19d7f4941,3.602918,seaport,19468731,1710850535,0x38bcf077f4e744c7e86ddd115a86320fa75b700917583a4b233d3ddd160ea76f
Azuki,0xED5AF388653567Af2F388E6224dC7C4b3241C544,369,0x0097b9cfe64455eed479292671a1121f502bc954,0xcd17b19b47f8a3e9ca45df086580f4a19d7f4941,3.787682,seaport,19468731,1710850535,0x38bcf077f4e744c7e86ddd115a86320fa75b700917583a4b233d3ddd160ea76f
Azuki,0xED5AF388653567Af2F388E6224dC7C4b3241C544,2972,0x39c60bae189d4ebacb6616bb20d8c3a0abd7ea85,0x0097b9cfe64455eed479292671a1121f502bc954,4.44,seaport,19467648,1710837431,0x76ed3534b83181923a63fcef20420ad794b424078708005d9c28a8244dbecd5b
Azuki,0xED5AF388653567Af2F388E6224dC7C4b3241C544,3927,0x25be6c9cbf3b8ddda767ba6a597f8e6d211fc224,0x827f66a616f1a6954d4873b031019bbdd249f5ed,4.0,seaport,19459511,1710738611,0xcb11c22a91afee5d05d3aa90e7ff291b93c7619d53899ffe5f2cf4a29ece1d3a
Azuki,0xED5AF388653567Af2F388E6224dC7C4b3241C544,7033,0xc71f4f16aee77b163429da7602e08889cc864bef,0xc71f4f16aee77b163429da7602e08889cc864bef,3.7089,seaport,19459285,1710735863,0x49af898e832fb3bf6e4c74d764bb185a7161366b2edd9d8e7e62a98cc35613d1
Azuki,0xED5AF388653567Af2F388E6224dC7C4b3241C544,7033,0x0097b9cfe64455eed479292671a1121f502bc954,0xc71f4f16aee77b163429da7602e08889cc864bef,3.8991,seaport,19459285,1710735863,0x49af898e832fb3bf6e4c74d764bb185a7161366b2edd9d8e7e62a98cc35613d1
Azuki,0xED5AF388653567Af2F388E6224dC7C4b3241C544,2978,0x4b978322643f9bf6c15bf26d866b81e99f26b8da,0x4b978322643f9bf6c15bf26d866b81e99f26b8da,3.607597,seaport,19455837,1710693947,0xeef9469b2b130a600540b64c0524181ce73b329c4d80e94787142d9aea5772da
Azuki,0xED5AF388653567Af2F388E6224dC7C4b3241C544,2978,0x645998e8aa4817ed6c6fe244482d8842ace72c29,0x4b978322643f9bf6c15bf26d866b81e99f26b8da,3.792603,seaport,19455837,1710693947,0xeef9469b2b130a600540b64c0524181ce73b329c4d80e94787142d9aea5772da
Azuki,0xED5AF388653567Af2F388E6224dC7C4b3241C544,5305,0x8bcf82b3dffe3a580c2204ff532ff3f07428fb30,0x8bcf82b3dffe3a580c2204ff532ff3f07428fb30,3.687743,seaport,19455422,1710688955,0x292a31ce61fd66c2ae8f99c36bfdb96eb77cb91ab7883e26f44f2c0b7473038d
Azuki,0xED5AF388653567Af2F388E6224dC7C4b3241C544,5305,0x856750961732cbead1e289e04c57027bb368fcc0,0x8bcf82b3dffe3a580c2204ff532ff3f07428fb30,3.876858,seaport,19455422,1710688955,0x292a31ce61fd66c2ae8f99c36bfdb96eb77cb91ab7883e26f44f2c0b7473038d
Azuki,0xED5AF388653567Af2F388E6224dC7C4b3241C544,9747,0x9de416ab881b322ee0b4c189c2de624090280cf2,0x94e9d73a2aeec807d85756b84759965b41866450,4.1,x2y2,19454860,1710682127,0x7dcbe096e478d3e70e871a4874413a01fd497cad3ff5fec481c672c00a14d465
Azuki,0xED5AF388653567Af2F388E6224dC7C4b3241C544,2887,0x65c1f3fa4bf6c978311f26135c1244502539a7ff,0x9de416ab881b322ee0b4c189c2de624090280cf2,4.0,x2y2,19454822,1710681647,0x422753569408cefb965ae5f4690fd52a976557b443f6937c738907eed03e3c06
Azuki,0xED5AF388653567Af2F388E6224dC7C4b3241C544,7236,0x81ed580f108446eb80e4e9e7b7f19b5d9bf46c63,0x5d4109bfcfadb94366ae7e25b508280368dadec2,4.8,seaport,19453955,1710671075,0xd5ad04ffd13d7dd3a4d9ed50366628ee5e9988ecc309faab7e3542ff4581b573
Azuki,0xED5AF388653567Af2F388E6224dC7C4b3241C544,6095,0x0000db5c8b030ae20308ac975898e09741e70000,0xfc7355bf612fb59043b0ac3d728942f41a3e3905,0.0,blur,19450966,1710634787,0x0ceb5463029fa7ed5bdbaef8b685f7a52ecd15556c009dce83ffd6b60416b95b
Azuki,0xED5AF388653567Af2F388E6224dC7C4b3241C544,2682,0x0000db5c8b030ae20308ac975898e09741e70000,0xfc7355bf612fb59043b0ac3d728942f41a3e3905,0.0,blur,19450966,1710634787,0x0ceb5463029fa7ed5bdbaef8b685f7a52ecd15556c009dce83ffd6b60416b95b
Azuki,0xED5AF388653567Af2F388E6224dC7C4b3241C544,1618,0x87efb9c56ea05efbf748f5d6e112600123b41e5a,0x87efb9c56ea05efbf748f5d6e112600123b41e5a,3.44994,seaport,19448957,1710610379,0x7a9585b6830d17a55fe921da2b6ab05a08a87de1c71490e890acef35cd1ba689
Azuki,0xED5AF388653567Af2F388E6224dC7C4b3241C544,1618,0x645998e8aa4817ed6c6fe244482d8842ace72c29,0x87efb9c56ea05efbf748f5d6e112600123b41e5a,3.62686,seaport,19448957,1710610379,0x7a9585b6830d17a55fe921da2b6ab05a08a87de1c71490e890acef35cd1ba689
Azuki,0xED5AF388653567Af2F388E6224dC7C4b3241C544,6092,0x8a4b4bd8c5e842eecb2681b99dc5c25b8eb11710,0xb29f8ddd1ade87ee93e7cc7497d4e65db46b8a20,3.9,seaport,19446550,1710581123,0x39187cc66fab03662562e42a542097b6c49b9f57deb95fe4390af2b8779eb287
Azuki,0xED5AF388653567Af2F388E6224dC7C4b3241C544,3642,0x372934d5878e10a8b8e9a3cf2ead3bf929bd6f36,0x372934d5878e10a8b8e9a3cf2ead3bf929bd6f36,3.659175,seaport,19433082,1710417287,0x92ae1d657f437128283a483ac8dcdcd65444106e1c9bd8eab527e4cfe974bc02
Azuki,0xED5AF388653567Af2F388E6224dC7C4b3241C544,3642,0x0097b9cfe64455eed479292671a1121f502bc954,0x372934d5878e10a8b8e9a3cf2ead3bf929bd6f36,3.846825,seaport,19433082,1710417287,0x92ae1d657f437128283a483ac8dcdcd65444106e1c9bd8eab527e4cfe974bc02
Azuki,0xED5AF388653567Af2F388E6224dC7C4b3241C544,5327,0x085c4c8b0eafd93f28e100f4087f2116d901f55b,0x085c4c8b0eafd93f28e100f4087f2116d901f55b,3.616665,seaport,19426842,1710341243,0x143bf8df3122547f01ce37f356626db58cc6bf9c3a541cd6ff6a0b3e9aa48ad5
Azuki,0xED5AF388653567Af2F388E6224dC7C4b3241C544,5327,0x645998e8aa4817ed6c6fe244482d8842ace72c29,0x085c4c8b0eafd93f28e100f4087f2116d901f55b,3.802135,seaport,19426842,1710341243,0x143bf8df3122547f01ce37f356626db58cc6bf9c3a541cd6ff6a0b3e9aa48ad5
Azuki,0xED5AF388653567Af2F388E6224dC7C4b3241C544,9724,0x0000db5c8b030ae20308ac975898e09741e70000,0x6b7a91c6a6832bc3498883ff65268612f67c8119,0.0,blur,19426496,1710337043,0x0fd1a0d38a0e1b0184957d7bb7413ba0fdaf705e4627a2bd5a0bd4057ab297c0
Azuki,0xED5AF388653567Af2F388E6224dC7C4b3241C544,9636,0x0000db5c8b030ae20308ac975898e09741e70000,0x6b7a91c6a6832bc3498883ff65268612f67c8119,0.0,blur,19426496,1710337043,0x0fd1a0d38a0e1b0184957d7bb7413ba0fdaf705e4627a2bd5a0bd4057ab297c0
Azuki,0xED5AF388653567Af2F388E6224dC7C4b3241C544,9602,0x0000db5c8b030ae20308ac975898e09741e70000,0x6b7a91c6a6832bc3498883ff65268612f67c8119,0.0,blur,19426496,1710337043,0x0fd1a0d38a0e1b0184957d7bb7413ba0fdaf705e4627a2bd5a0bd4057ab297c0
Azuki,0xED5AF388653567Af2F388E6224dC7C4b3241C544,6685,0x0000db5c8b030ae20308ac975898e09741e70000,0x6b7a91c6a6832bc3498883ff65268612f67c8119,0.0,blur,19426496,1710337043,0x0fd1a0d38a0e1b0184957d7bb7413ba0fdaf705e4627a2bd5a0bd4057ab297c0
Azuki,0xED5AF388653567Af2F388E6224dC7C4b3241C544,6182,0x0000db5c8b030ae20308ac975898e09741e70000,0x6b7a91c6a6832bc3498883ff65268612f67c8119,0.0,blur,19426496,1710337043,0x0fd1a0d38a0e1b0184957d7bb7413ba0fdaf705e4627a2bd5a0bd4057ab297c0
Azuki,0xED5AF388653567Af2F388E6224dC7C4b3241C544,5651,0xc821d3d24c27c713a9e2758086bd29b23f7381e2,0xc821d3d24c27c713a9e2758086bd29b23f7381e2,3.929835,seaport,19424196,1710309299,0xbba81f3ad03b15f17e743c9b67d9be8a514fff572845e36060b7ae191dc5546d
Azuki,0xED5AF388653567Af2F388E6224dC7C4b3241C544,5651,0x645998e8aa4817ed6c6fe244482d8842ace72c29,0xc821d3d24c27c713a9e2758086bd29b23f7381e2,4.131365,seaport,19424196,1710309299,0xbba81f3ad03b15f17e743c9b67d9be8a514fff572845e36060b7ae191dc5546d
Azuki,0xED5AF388653567Af2F388E6224dC7C4b3241C544,8856,0xde02fffb824720e25674a604baf2277f21c66a0f,0x558ed3a844ec118a86ec87f833dbe41aaab3578e,4.0,seaport,19423702,1710303311,0xdfa2ca48c597892048ad2a1485dc96133c908211fcc066bc8f5326e66f3b0374
Azuki,0xED5AF388653567Af2F388E6224dC7C4b3241C544,4759,0xde02fffb824720e25674a604baf2277f21c66a0f,0x002b05d19cb34a3336e9095c1de60248a12970dd,4.0,seaport,19423702,1710303311,0xdfa2ca48c597892048ad2a1485dc96133c908211fcc066bc8f5326e66f3b0374
Azuki,0xED5AF388653567Af2F388E6224dC7C4b3241C544,3358,0xde02fffb824720e25674a604baf2277f21c66a0f,0x16dbcd202be906c36667258799155d48fb6c9584,4.0,seaport,19423702,1710303311,0xdfa2ca48c597892048ad2a1485dc96133c908211fcc066bc8f5326e66f3b0374
Azuki,0xED5AF388653567Af2F388E6224dC7C4b3241C544,8326,0xcbb48e6d1594e36c88b5dbd14179f2017530012d,0xe1bd9a88603409eff8818db72ae982ecd5b560c8,4.0,seaport,19423700,1710303287,0x938852c66e1725235ac5e99dbcd48d50c1c9550779f1018841ea06967ca93b3b
Azuki,0xED5AF388653567Af2F388E6224dC7C4b3241C544,8007,0x85a5e9f47aa433306b6c946878c3f77a9b813f57,0x1ff27a7faab1fb865e212b14f18c23acd8c5e111,3.95,seaport,19422753,1710291803,0x11a7c60163c1ec1fdc9b6f5b6cf5783b56cf786c761ad7d11b1369a0ff997e79
Azuki,0xED5AF388653567Af2F388E6224dC7C4b3241C544,218,0xff3879b8a363aed92a6eaba8f61f1a96a9ec3c1e,0x916c5a7e958924e850e3c434ddcf65d1d660339d,3.96,seaport,19422711,1710291299,0x5fcbb47eb69e0e623cef5b46c348a6b1c445e5af4f5e0f74990d8cef16d7965a
Azuki,0xED5AF388653567Af2F388E6224dC7C4b3241C544,8256,0x22c2b1aebc222a2e523dc122ef5d8a3f4c3a5e2b,0x22c2b1aebc222a2e523dc122ef5d8a3f4c3a5e2b,3.623295,seaport,19419153,1710248351,0xbca652dcd115fe922d78023ce165e45c38e6f97caf6f2f050e17643f45276ff0
Azuki,0xED5AF388653567Af2F388E6224dC7C4b3241C544,8256,0x0097b9cfe64455eed479292671a1121f502bc954,0x22c2b1aebc222a2e523dc122ef5d8a3f4c3a5e2b,3.809105,seaport,19419153,1710248351,0xbca652dcd115fe922d78023ce165e45c38e6f97caf6f2f050e17643f45276ff0
Azuki,0xED5AF388653567Af2F388E6224dC7C4b3241C544,4114,0x4191baa24e15ed0dad172c380a294954e0aa62e2,0x4191baa24e15ed0dad172c380a294954e0aa62e2,3.635483,seaport,19419141,1710248207,0x42c4ef30c90cc93118eccff56e735621ac04ce28e018d86f3d8fa0b9c175ba41
Azuki,0xED5AF388653567Af2F388E6224dC7C4b3241C544,4114,0x645998e8aa4817ed6c6fe244482d8842ace72c29,0x4191baa24e15ed0dad172c380a294954e0aa62e2,3.821918,seaport,19419141,1710248207,0x42c4ef30c90cc93118eccff56e735621ac04ce28e018d86f3d8fa0b9c175ba41
Azuki,0xED5AF388653567Af2F388E6224dC7C4b3241C544,8694,0x0adc41b6fe12074e3ef041dd6ca12ef64c9fddb9,0x0adc41b6fe12074e3ef041dd6ca12ef64c9fddb9,3.61725,seaport,19418081,1710235427,0x02425415a3715895f8b7e815b23ea3b2c747a12eab17dbf329ae9a4645e27e51
Azuki,0xED5AF388653567Af2F388E6224dC7C4b3241C544,8694,0x454e8e59a9024b00d317550e02acf552b828c88b,0x0adc41b6fe12074e3ef041dd6ca12ef64c9fddb9,3.80275,seaport,19418081,1710235427,0x02425415a3715895f8b7e815b23ea3b2c747a12eab17dbf329ae9a4645e27e51
Azuki,0xED5AF388653567Af2F388E6224dC7C4b3241C544,6745,0xf43b55199d275b9cc16888ebf0c79f1e256b2d5b,0xe1bd9a88603409eff8818db72ae982ecd5b560c8,4.2,seaport,19417133,1710223967,0x1afa68ecbbe38a2e21b56c28980c661e90f24c6f58fa0d3de5a4f3fab502811e
Azuki,0xED5AF388653567Af2F388E6224dC7C4b3241C544,6386,0x825c83db6144d477c1d3b8d5446eb37f41fa816d,0x94e9d73a2aeec807d85756b84759965b41866450,4.1,x2y2,19416824,1710220235,0x5ab45f5bf529054b6483b37cd522da19cb9b68e3fca524b5b56cb5c9a98c75f4
Azuki,0xED5AF388653567Af2F388E6224dC7C4b3241C544,3302,0x25bdfc6f2792ef6123695a159905542af3ac4b37,0x90e926065b3c811f48ae3bf6ed042c73af4dab05,9.3,x2y2,19416224,1710212975,0x23cc7d12f32d4198462bf29b49d86cde6dccdea8045e7790b88b410a4673b83d
Azuki,0xED5AF388653567Af2F388E6224dC7C4b3241C544,6598,0xad8425cd32ad1729ccf956309b84d2b928cf709a,0xad8425cd32ad1729ccf956309b84d2b928cf709a,3.656835,seaport,19415958,1710209759,0xb97c4391aff7b76433d8643d205d22e978ba5050cbdf148198371eb2bfce98fa
Azuki,0xED5AF388653567Af2F388E6224dC7C4b3241C544,6598,0x645998e8aa4817ed6c6fe244482d8842ace72c29,0xad8425cd32ad1729ccf956309b84d2b928cf709a,3.844365,seaport,19415958,1710209759,0xb97c4391aff7b76433d8643d205d22e978ba5050cbdf148198371eb2bfce98fa
Azuki,0xED5AF388653567Af2F388E6224dC7C4b3241C544,2155,0x05c250120ce07ba6fe361b39ac344148435c25ca,0x90e926065b3c811f48ae3bf6ed042c73af4dab05,10.0,x2y2,19415343,1710202307,0xb5e06450e15545c02c08f7433e655b420d2d9dabe1bb0c95efe5d26d83331979
Azuki,0xED5AF388653567Af2F388E6224dC7C4b3241C544,9990,0xc4eb7271fbf273200d5882889ba6239ff3051c8d,0x5d1129fc02f0cdd3e0bc3da5d3a3d06c1f7dc611,0.0,seaport,19409573,1710132551,0xb6143a0e15a219887114cedbfacd39edc324dec2650055fe0795ba72604ee73a
Azuki,0xED5AF388653567Af2F388E6224dC7C4b3241C544,9078,0x0097b9cfe64455eed479292671a1121f502bc954,0x9de416ab881b322ee0b4c189c2de624090280cf2,0.35,seaport,19409118,1710127079,0x8845774bdc50626deb7f83d62484926af4e9cb1dc7e9a6d8970a817caebf8eec
Azuki,0xED5AF388653567Af2F388E6224dC7C4b3241C544,6142,0xea0af4ea86a17b8bb49c365a536dc808f310e0d6,0xea0af4ea86a17b8bb49c365a536dc808f310e0d6,3.95577,seaport,19408648,1710121427,0xd38257509fc3f95ab60eb3a147788e4828ef2262d564ec54c968d3f6c6d5d322
Azuki,0xED5AF388653567Af2F388E6224dC7C4b3241C544,6142,0x0097b9cfe64455eed479292671a1121f502bc954,0xea0af4ea86a17b8bb49c365a536dc808f310e0d6,4.15863,seaport,19408648,1710121427,0xd38257509fc3f95ab60eb3a147788e4828ef2262d564ec54c968d3f6c6d5d322
Azuki,0xED5AF388653567Af2F388E6224dC7C4b3241C544,7698,0x7da947e9608c314625e77a9ea1bfc14e3aff940c,0x7da947e9608c314625e77a9ea1bfc14e3aff940c,4.049272,seaport,19404467,1710070979,0xa2ad4995bfed7b4861857921035d0ba5e0faa7393814f3cbf095ebe66ba2f37b
Azuki,0xED5AF388653567Af2F388E6224dC7C4b3241C544,7698,0xf91207a95b68575d97b15b7a6a3f61c272a617ef,0x7da947e9608c314625e77a9ea1bfc14e3aff940c,4.256928,seaport,19404467,1710070979,0xa2ad4995bfed7b4861857921035d0ba5e0faa7393814f3cbf095ebe66ba2f37b
Azuki,0xED5AF388653567Af2F388E6224dC7C4b3241C544,9078,0x9de416ab881b322ee0b4c189c2de624090280cf2,0x166022d3960bd3bf2c39416601052e3a5ad42b94,4.55,x2y2,19395294,1709960171,0x6c253f81c095583bc248617b5af35e35a1b12e67ca78bf68d7c5165eb23cbdad
Azuki,0xED5AF388653567Af2F388E6224dC7C4b3241C544,2509,0x6d0d27930eb2a52a7528b9eaecbbd24a6894e73d,0x9de416ab881b322ee0b4c189c2de624090280cf2,5.1,x2y2,19394869,1709955035,0xcf5522b7fa46d288cdbd2912e97a18d47524a395df6ae8523ea2be0b313193bc
Azuki,0xED5AF388653567Af2F388E6224dC7C4b3241C544,5158,0x52c946c93798e3a47a7888164dbc0375d081f720,0x6d0d27930eb2a52a7528b9eaecbbd24a6894e73d,5.0,x2y2,19394764,1709953775,0xd5d46b6108bf1cc9ae5ac5a84e501683ae88e0251371b9d4d01fc9c4204af84a
Azuki,0xED5AF388653567Af2F388E6224dC7C4b3241C544,8468,0xe348e80923a3da512d3da81e7518c5972562a3aa,0xe348e80923a3da512d3da81e7518c5972562a3aa,3.856125,seaport,19392548,1709926247,0x2caf49cca58a0449c274b670c4dd1c14f8afd74a18cf1fadef1e0ede4f3f4100
Azuki,0xED5AF388653567Af2F388E6224dC7C4b3241C544,8468,0x0097b9cfe64455eed479292671a1121f502bc954,0xe348e80923a3da512d3da81e7518c5972562a3aa,4.053875,seaport,19392548,1709926247,0x2caf49cca58a0449c274b670c4dd1c14f8afd74a18cf1fadef1e0ede4f3f4100
Azuki,0xED5AF388653567Af2F388E6224dC7C4b3241C544,8214,0xbab25a0c16288607d815016f8d3f202a9441e884,0x552628f4dfa219a902ae837fa5add3390e9e7d14,4.25,seaport,19387850,1709869499,0xe957e2ab05f8379eefbd5e0b1bf9ddcae4b1674a1ebc72016f1c169f51610378
Azuki,0xED5AF388653567Af2F388E6224dC7C4b3241C544,7481,0x9d15f0202ae4f3b3534862c7c4856eeaf54fefdf,0xc301ccb76e60279bd223f25198be3c7239304246,4.35,x2y2,19386734,1709856011,0x47a82337c615e696491dfc66f7252f47c4d2bb6e5a70ac4d486802488bb101ee
Azuki,0xED5AF388653567Af2F388E6224dC7C4b3241C544,4084,0x8a23e25aa36781d7bc28e2eb00990133f80257bd,0x8a23e25aa36781d7bc28e2eb00990133f80257bd,3.703927,seaport,19383740,1709819867,0x5006eeab44979d941132e703d1bc45b6f9a6f58f667c8e6442ea2b9cb2df81ff
Azuki,0xED5AF388653567Af2F388E6224dC7C4b3241C544,4084,0x4f59ce7bb4777b536f09116b66c95a5d1ea8a8e6,0x8a23e25aa36781d7bc28e2eb00990133f80257bd,3.893873,seaport,19383740,1709819867,0x5006eeab44979d941132e703d1bc45b6f9a6f58f667c8e6442ea2b9cb2df81ff
Azuki,0xED5AF388653567Af2F388E6224dC7C4b3241C544,6670,0x788ea3b974c55546c42cba273cc92313adc1405b,0x788ea3b974c55546c42cba273cc92313adc1405b,3.872018,seaport,19380026,1709775035,0x61b2817bb905e638f19207f23c7f3c41ed2d5ea203310986cafd904ffe976814
Azuki,0xED5AF388653567Af2F388E6224dC7C4b3241C544,6670,0x0097b9cfe64455eed479292671a1121f502bc954,0x788ea3b974c55546c42cba273cc92313adc1405b,4.070582,seaport,19380026,1709775035,0x61b2817bb905e638f19207f23c7f3c41ed2d5ea203310986cafd904ffe976814
Azuki,0xED5AF388653567Af2F388E6224dC7C4b3241C544,7102,0xb222426a306b2c549200110a038d44f7869c7566,0xb222426a306b2c549200110a038d44f7869c7566,3.977805,seaport,19378574,1709757539,0xb55de3d93b7604fce678174150abedc123a2d065db09ca65be4bb41dfe044e24
Azuki,0xED5AF388653567Af2F388E6224dC7C4b3241C544,7102,0x0097b9cfe64455eed479292671a1121f502bc954,0xb222426a306b2c549200110a038d44f7869c7566,4.181795,seaport,19378574,1709757539,0xb55de3d93b7604fce678174150abedc123a2d065db09ca65be4bb41dfe044e24
Azuki,0xED5AF388653567Af2F388E6224dC7C4b3241C544,2761,0x21f8ff01dcb248bb26eb0bc5a0fb25c7e586c807,0x50a879029f433e7743ebea8ecb47a29ed458e083,5.0,seaport,19378442,1709755955,0xf91ec74ece48a11f22aa6ad7f637b5a02502cecdc66d2d74f1b847e3bd51ee12
Azuki,0xED5AF388653567Af2F388E6224dC7C4b3241C544,6583,0x0097b9cfe64455eed479292671a1121f502bc954,0x695c30548cfd80caa82929274d2f534be6a50056,6.572121,seaport,19375521,1709720759,0x9fd7ef966d98bafea1cbad3898a67eed3f8a6fffe4cae55423bd3575a42e3b4f
Azuki,0xED5AF388653567Af2F388E6224dC7C4b3241C544,2972,0xba637c7f42470561dcf609ca673550ee6832cf63,0xba637c7f42470561dcf609ca673550ee6832cf63,4.00374,seaport,19374934,1709713691,0xf48ddd8d083e6ebf33e38d7a1586304790f335f050629000b765f98c96ac20a8
Azuki,0xED5AF388653567Af2F388E6224dC7C4b3241C544,2972,0x0097b9cfe64455eed479292671a1121f502bc954,0xba637c7f42470561dcf609ca673550ee6832cf63,4.20906,seaport,19374934,1709713691,0xf48ddd8d083e6ebf33e38d7a1586304790f335f050629000b765f98c96ac20a8
Azuki,0xED5AF388653567Af2F388E6224dC7C4b3241C544,9490,0xcf7e6f0c8dbfbcbf40e39913a55d1b674c8c9581,0xcf7e6f0c8dbfbcbf40e39913a55d1b674c8c9581,4.21941,seaport,19373958,1709701895,0xc2b18d9f6d2fb5bdef638568ada19e89f34c54b73f99a0e1c007da3efd1c6ef8
Azuki,0xED5AF388653567Af2F388E6224dC7C4b3241C544,9490,0x4f59ce7bb4777b536f09116b66c95a5d1ea8a8e6,0xcf7e6f0c8dbfbcbf40e39913a55d1b674c8c9581,4.43579,seaport,19373958,1709701895,0xc2b18d9f6d2fb5bdef638568ada19e89f34c54b73f99a0e1c007da3efd1c6ef8
Azuki,0xED5AF388653567Af2F388E6224dC7C4b3241C544,6324,0xa3b3acf61034ccd05f204e24e5935cea4d291065,0xf853184415ac2312844e77cc7babda372e8f56af,7.0,x2y2,19369291,1709645627,0x9f386c90514a1198b38c4fe292ed474d0d2f5d9a6a7aa841ee8cc30da90ebfd8
Azuki,0xED5AF388653567Af2F388E6224dC7C4b3241C544,5258,0x7bf14d493520f20fad2e326dec83509d1116c6b6,0xb996e1eff7d300280ce3811094b36aa14d07356f,4.8175,seaport,19367655,1709625923,0x7d42ad3c50c884846aa4aed5b24267bc3670ab37583838c0a08129d6fc542c99
Azuki,0xED5AF388653567Af2F388E6224dC7C4b3241C544,2310,0x6d970c5d3fb2cf589398148839b9833c06640b64,0x6d970c5d3fb2cf589398148839b9833c06640b64,4.31652,seaport,19366939,1709617271,0x1adc14b91a3272c4f4fde416d779b33f99234d4eb2d2547ad77bfc2468c5e430
Azuki,0xED5AF388653567Af2F388E6224dC7C4b3241C544,2310,0x0097b9cfe64455eed479292671a1121f502bc954,0x6d970c5d3fb2cf589398148839b9833c06640b64,4.53788,seaport,19366939,1709617271,0x1adc14b91a3272c4f4fde416d779b33f99234d4eb2d2547ad77bfc2468c5e430
Azuki,0xED5AF388653567Af2F388E6224dC7C4b3241C544,3701,0x215817e07c7f9059c93e919ac35142a08fb1f6d1,0x01add8ab60c614cf6b81fc6b35ae80ab454a40c1,0.25,seaport,19365500,1709599895,0x514e2186eb24886ecd0c56bd2c68c49942ddf9fe03f9ac98dbb6ecba1a90f8c3
Azuki,0xED5AF388653567Af2F388E6224dC7C4b3241C544,9280,0xb996e1eff7d300280ce3811094b36aa14d07356f,0x071420414fa21f28683b8c84adeaf7ac2d620e7b,4.58,seaport,19362431,1709562935,0xb2eac9ee3618e30c21b5d53dedec4e570f354ca95b1e4ef6d2ef2d7c61cd8645
Azuki,0xED5AF388653567Af2F388E6224dC7C4b3241C544,3847,0xe2dcd3b92c1f1eabcc0223372a1a4d959a11e368,0xf76b1ed3e35c6e7c04ab2098001bf7909fd252a3,5.54,seaport,19359208,1709524055,0x6f1ce556ea0af2d2a0e8821b2aa9077bbbd0cb34745262002e327eabc80ff92a
Azuki,0xED5AF388653567Af2F388E6224dC7C4b3241C544,5313,0xeb83e695adcac2e83f290d2d2815fc58e6491d7a,0xce15923666fe8bfa84e9518b0f4a3512a55ac2de,5.7,x2y2,19359097,1709522723,0x625e2a8eecb751950c056cd1b7202565557c331517f0769562cbe9c71a335e39
Azuki,0xED5AF388653567Af2F388E6224dC7C4b3241C544,7130,0xdcfb41f0f95fb5b523e57dafe04dd128ad4b91ed,0xdcfb41f0f95fb5b523e57dafe04dd128ad4b91ed,4.875975,seaport,19357895,1709508191,0xb122b9b1aa8946c4019e0e1d44873c46435510331ddb3ffacff358a93e713762
Azuki,0xED5AF388653567Af2F388E6224dC7C4b3241C544,7130,0x88b835e481cabef3c7c35e4007b2f413aab7755f,0xdcfb41f0f95fb5b523e57dafe04dd128ad4b91ed,5.126025,seaport,19357895,1709508191,0xb122b9b1aa8946c4019e0e1d44873c46435510331ddb3ffacff358a93e713762
Azuki,0xED5AF388653567Af2F388E6224dC7C4b3241C544,1161,0x32213707c1628b5de83fc8b71e2a0cfa4ce58914,0x32213707c1628b5de83fc8b71e2a0cfa4ce58914,4.735575,seaport,19354096,1709462279,0xd853fedc2ffec781aff310170d5c533da8f243eb6b394eca118be606d2349757
Azuki,0xED5AF388653567Af2F388E6224dC7C4b3241C544,1161,0x88b835e481cabef3c7c35e4007b2f413aab7755f,0x32213707c1628b5de83fc8b71e2a0cfa4ce58914,4.978425,seaport,19354096,1709462279,0xd853fedc2ffec781aff310170d5c533da8f243eb6b394eca118be606d2349757
Azuki,0xED5AF388653567Af2F388E6224dC7C4b3241C544,4126,0x23c8d1747529ec25111caf3f5fc4fe9ffccac3a7,0x23c8d1747529ec25111caf3f5fc4fe9ffccac3a7,0.565597,seaport,19348496,1709394743,0x6643d09659be58151f63a9093bf0cd0033a440c88a53a17f9156ce5267699a48
Azuki,0xED5AF388653567Af2F388E6224dC7C4b3241C544,4126,0xe8e66df6cbb5fea9020ca2c78078ca76b3fa5b32,0x23c8d1747529ec25111caf3f5fc4fe9ffccac3a7,0.594602,seaport,19348496,1709394743,0x6643d09659be58151f63a9093bf0cd0033a440c88a53a17f9156ce5267699a48
Azuki,0xED5AF388653567Af2F388E6224dC7C4b3241C544,3286,0x1a5f7d42a12545cbc0935a6d54c496b686b09b6e,0x1a5f7d42a12545cbc0935a6d54c496b686b09b6e,5.16984,seaport,19343307,1709332019,0xffdb123f85916b2c49a62ff93ba0410339273d37bdd94cc433c2f476657defd5
Azuki,0xED5AF388653567Af2F388E6224dC7C4b3241C544,3286,0x0097b9cfe64455eed479292671a1121f502bc954,0x1a5f7d42a12545cbc0935a6d54c496b686b09b6e,5.43496,seaport,19343307,1709332019,0xffdb123f85916b2c49a62ff93ba0410339273d37bdd94cc433c2f476657defd5
Azuki,0xED5AF388653567Af2F388E6224dC7C4b3241C544,7481,0xc301ccb76e60279bd223f25198be3c7239304246,0xae20574304b6264d3129dbfe5df72eead8c5b208,5.45,x2y2,19342646,1709324063,0x288417c9b62730772738123816b90e3144d33501790cba7fd4e504f1eeae34be
Azuki,0xED5AF388653567Af2F388E6224dC7C4b3241C544,111,0x74e37d8882a83ff04e7524dc8dd2b8da028a4702,0x41c86ce8da3b6be1d710301eef36875cb5646dd4,7.0,x2y2,19342226,1709319011,0x3c730a1d0192d512dbba20a3f168459aeca27fbe9cae659ff9ae6e8dc807e4aa
Azuki,0xED5AF388653567Af2F388E6224dC7C4b3241C544,9345,0x647da47eb50c221fe811fe44822026dd2f36ef13,0xe0e76a34c17635ebff5d80b1e387fcdd4eeab863,11.0,seaport,19342224,1709318987,0x559473ece97a683ac09f37b6d7a5dc79c0152524bb0e2d872e299b2ee41aa0fd
Azuki,0xED5AF388653567Af2F388E6224dC7C4b3241C544,1366,0xf91207a95b68575d97b15b7a6a3f61c272a617ef,0xb996e1eff7d300280ce3811094b36aa14d07356f,7.725,seaport,19342156,1709318171,0x0eb1fe2433554ec9d856bc75b63adc50518adc74917c956e164b421bb5d44127
